driver_id,delivery_distance_meters
133.0,45188.0
138.0,323114.0
140.0,1462661.0
143.0,3773.0
148.0,1253116.0
165.0,41258.0
172.0,166752.0
174.0,209894.0
187.0,64734.0
196.0,501758.0
202.0,148726.0
210.0,6837.0
217.0,576928.0
223.0,1703.0
224.0,14933.0
225.0,28712.0
228.0,217089.0
231.0,651296.0
243.0,64830.0
245.0,115307.0
298.0,128780.0
301.0,39305.0
303.0,112137.0
313.0,773724.0
319.0,68140.0
340.0,5352.0
343.0,124651.0
344.0,56122.0
345.0,640443.0
350.0,4818.0
356.0,766257.0
357.0,1882358.0
358.0,1174002.0
366.0,1196395.0
367.0,1643058.0
369.0,1265.0
372.0,116423.0
378.0,1177762.0
379.0,20732.0
380.0,397085.0
387.0,344113.0
388.0,420696.0
390.0,211177.0
407.0,53053.0
409.0,865888.0
410.0,57089.0
413.0,5877.0
414.0,32010.0
415.0,14882.0
416.0,131407.0
425.0,432665.0
426.0,278830.0
430.0,466832.0
446.0,324469.0
448.0,718994.0
454.0,231953.0
456.0,276714.0
457.0,67194.0
458.0,363699.0
459.0,444492.0
463.0,219518.0
464.0,4247737.0
466.0,1607.0
474.0,483073.0
475.0,37441.0
480.0,9605.0
484.0,32704.0
488.0,141607.0
491.0,1090937.0
494.0,1149934.0
497.0,42688.0
508.0,228281.0
509.0,187087.0
510.0,171505.0
511.0,457038.0
512.0,226103.0
526.0,1485592.0
529.0,7188.0
530.0,1588.0
532.0,41951.0
539.0,122996.0
545.0,387717.0
546.0,47141.0
564.0,128600.0
574.0,1928744.0
581.0,1553278.0
583.0,90162.0
596.0,496975.0
598.0,2155153.0
599.0,271424.0
612.0,31789.0
617.0,2827.0
619.0,97718.0
620.0,27478.0
622.0,62774.0
625.0,10300.0
626.0,83131.0
627.0,2107994.0
632.0,104122.0
633.0,33718.0
639.0,1318757.0
642.0,448707.0
650.0,10286.0
651.0,459540.0
653.0,674924.0
655.0,244785.0
660.0,31236.0
664.0,253115.0
688.0,11365.0
690.0,10515.0
711.0,21226.0
713.0,1738045.0
726.0,162486.0
730.0,30391.0
731.0,7199476.0
738.0,2291.0
746.0,6179.0
749.0,260443.0
754.0,1361060.0
758.0,1677225.0
759.0,942887.0
760.0,957818.0
771.0,56805.0
775.0,16201.0
787.0,10967.0
788.0,47853.0
789.0,1067912.0
794.0,841202.0
800.0,317332.0
801.0,132894.0
809.0,177957.0
810.0,125489.0
812.0,134828.0
831.0,41516.0
839.0,684645.0
858.0,2878.0
862.0,94253.0
874.0,196564.0
886.0,28348.0
888.0,366006.0
891.0,3028.0
896.0,176819.0
900.0,2376.0
901.0,4306.0
902.0,2475863.0
906.0,405938.0
908.0,2616.0
913.0,76733.0
921.0,16897.0
922.0,290171.0
928.0,7438.0
938.0,236776.0
939.0,753738.0
941.0,2365.0
945.0,3610.0
975.0,1758675.0
976.0,204954.0
982.0,288597.0
986.0,10373.0
988.0,540739.0
995.0,41397.0
998.0,105354.0
1004.0,126205.0
1005.0,131742.0
1015.0,896093.0
1032.0,866176.0
1038.0,5086.0
1039.0,136280.0
1040.0,885426.0
1064.0,434057.0
1068.0,4638.0
1073.0,200321.0
1074.0,420038.0
1094.0,368211.0
1095.0,984.0
1105.0,64828.0
1111.0,20940.0
1113.0,1485616.0
1117.0,839492.0
1126.0,237417.0
1165.0,19994.0
1173.0,952791.0
1181.0,326515.0
1184.0,35777.0
1202.0,11375.0
1203.0,606353.0
1212.0,446283.0
1223.0,161787.0
1229.0,1211707.0
1251.0,1720865.0
1253.0,17927.0
1281.0,4479.0
1286.0,13336.0
1301.0,490786.0
1374.0,196804.0
1377.0,1737937.0
1395.0,930731.0
1402.0,2241.0
1405.0,138424.0
1419.0,845974.0
1433.0,239528.0
1463.0,98526.0
1482.0,2261023.0
1488.0,20909.0
1511.0,160289.0
1547.0,111645.0
1599.0,244729.0
1621.0,868162.0
1626.0,503.0
1657.0,3572.0
1706.0,108952.0
1737.0,400.0
1759.0,29016.0
1786.0,30842.0
1787.0,5063.0
1800.0,362564.0
1808.0,78509.0
1822.0,44245.0
1829.0,647253.0
1837.0,140650.0
1855.0,1158402.0
1874.0,132323.0
1912.0,10436.0
1916.0,47070.0
1943.0,497707.0
1948.0,35087.0
1959.0,11730.0
1972.0,25141.0
1983.0,92431.0
2000.0,57069.0
2001.0,247189.0
2002.0,177724.0
2033.0,17703.0
2061.0,185591.0
2089.0,57900.0
2091.0,391729.0
2119.0,620911.0
2147.0,3268.0
2156.0,1687466.0
2159.0,193100.0
2165.0,76493.0
2174.0,10601.0
2178.0,527.0
2186.0,57529.0
2228.0,286426.0
2240.0,343976.0
2244.0,6561.0
2260.0,4056.0
2267.0,337368.0
2275.0,8718.0
2276.0,7184.0
2296.0,14601.0
2304.0,1694.0
2321.0,241280.0
2324.0,17695.0
2331.0,37649.0
2337.0,1406087.0
2354.0,1804197.0
2355.0,2192999.0
2364.0,67692.0
2395.0,29861.0
2426.0,610788.0
2447.0,6287.0
2465.0,73894.0
2468.0,78430.0
2472.0,180762.0
2473.0,137232.0
2476.0,1585.0
2486.0,6252.0
2489.0,20256.0
2490.0,2401512.0
2511.0,661330.0
2519.0,327925.0
2550.0,4558.0
2552.0,56003.0
2561.0,1675467.0
2631.0,45204.0
2638.0,99085.0
2649.0,17872.0
2672.0,21081.0
2674.0,84882.0
2688.0,597452.0
2703.0,518599.0
2722.0,12729.0
2726.0,1638459.0
2743.0,3633.0
2745.0,37503.0
2750.0,1177932.0
2751.0,299396.0
2758.0,1925.0
2761.0,4070.0
2762.0,48841.0
2790.0,10568.0
2820.0,155949.0
2836.0,691296.0
2837.0,1138064.0
2854.0,11028.0
2872.0,147695.0
2876.0,10129.0
2905.0,432166.0
2913.0,953381.0
2917.0,14313.0
2926.0,4347.0
2930.0,21931.0
2932.0,61344.0
2941.0,46453.0
2945.0,101532.0
2969.0,254560.0
2994.0,48092.0
3022.0,297293.0
3023.0,52302.0
3024.0,32240.0
3026.0,3429.0
3039.0,16048.0
3068.0,74030.0
3076.0,10703.0
3088.0,38068.0
3092.0,21494.0
3099.0,5083.0
3104.0,3603.0
3140.0,498092.0
3153.0,4017.0
3230.0,324045.0
3236.0,10331.0
3251.0,4379.0
3257.0,26019.0
3287.0,33034.0
3306.0,129683.0
3321.0,19801.0
3331.0,17589.0
3354.0,263958.0
3358.0,1437961.0
3363.0,1989.0
3364.0,88046.0
3405.0,122997.0
3406.0,2157.0
3421.0,113349.0
3425.0,589753.0
3441.0,1604.0
3449.0,10111.0
3478.0,381531.0
3518.0,296076.0
3538.0,6336.0
3545.0,66769.0
3550.0,62829.0
3559.0,9400.0
3560.0,4522.0
3572.0,20558.0
3577.0,3046.0
3582.0,10659.0
3603.0,82038.0
3606.0,736702.0
3621.0,799175.0
3623.0,13342.0
3625.0,1329103.0
3638.0,33825.0
3642.0,25111.0
3653.0,41374.0
3659.0,24345.0
3673.0,2934.0
3682.0,4892.0
3695.0,13200.0
3715.0,940.0
3724.0,8457.0
3740.0,38858.0
3745.0,91288.0
3753.0,91115.0
3754.0,28334.0
3758.0,55259.0
3780.0,867126.0
3834.0,368955.0
3851.0,296895.0
3861.0,83531.0
3863.0,1472778.0
3864.0,155860.0
3872.0,149194.0
3873.0,41309.0
3878.0,408902.0
3883.0,2799.0
3884.0,120808.0
3885.0,13230.0
3888.0,30037.0
3906.0,364080.0
4029.0,1525.0
4059.0,184801.0
4061.0,11366.0
4070.0,81043.0
4071.0,9435.0
4075.0,289.0
4076.0,10983.0
4097.0,50836.0
4104.0,452.0
4107.0,26779.0
4149.0,245821.0
4179.0,121978.0
4190.0,204087.0
4244.0,37511.0
4256.0,8992.0
4257.0,21407.0
4285.0,46728.0
4310.0,2669.0
4313.0,916613.0
4315.0,8818.0
4331.0,123586.0
4347.0,1038969.0
4350.0,317653.0
4381.0,122727.0
4387.0,10905.0
4400.0,9640.0
4429.0,3883.0
4431.0,157670.0
4448.0,2774.0
4468.0,68625.0
4481.0,30155.0
4482.0,829.0
4488.0,31738.0
4507.0,44679.0
4527.0,124257.0
4528.0,72352.0
4532.0,781707.0
4536.0,580979.0
4567.0,272400.0
4586.0,594418.0
4592.0,4302.0
4613.0,1687.0
4678.0,32216.0
4692.0,2583895.0
4694.0,129577.0
4702.0,40759.0
4723.0,234893.0
4734.0,161922.0
4737.0,3189589.0
4756.0,8611.0
4771.0,195757.0
4774.0,1796.0
4781.0,990.0
4790.0,88098.0
4796.0,23140.0
4799.0,667124.0
4806.0,352279.0
4815.0,3869.0
4824.0,609486.0
4867.0,34306.0
4896.0,188312.0
4898.0,83573.0
4906.0,55607.0
4929.0,167423.0
4937.0,142917.0
4939.0,333093.0
4941.0,778580.0
4948.0,6305.0
4950.0,606813.0
4951.0,9283.0
4977.0,10911.0
4979.0,109179.0
4988.0,210825.0
5008.0,204917.0
5018.0,194163.0
5027.0,8511.0
5028.0,93803.0
5030.0,935426.0
5037.0,1154982.0
5042.0,42414.0
5046.0,531859.0
5052.0,851614.0
5058.0,131234.0
5096.0,110033.0
5098.0,200897.0
5101.0,20777.0
5107.0,99928.0
5110.0,171.0
5126.0,83678.0
5128.0,1436689.0
5141.0,3705.0
5149.0,68295.0
5163.0,196603.0
5165.0,15898.0
5171.0,1631654.0
5212.0,173365.0
5226.0,223601.0
5232.0,755004.0
5235.0,543498.0
5236.0,402407.0
5250.0,475649.0
5261.0,10329.0
5267.0,342523.0
5269.0,1147086.0
5271.0,67529.0
5274.0,190779.0
5276.0,1251092.0
5277.0,8504.0
5280.0,152176.0
5300.0,5350.0
5303.0,7571.0
5308.0,159996.0
5315.0,160332.0
5349.0,2216835.0
5353.0,9812.0
5355.0,103977.0
5363.0,4967.0
5364.0,521550.0
5367.0,2365.0
5368.0,25332.0
5380.0,33255.0
5394.0,1150549.0
5402.0,111703.0
5403.0,1710823.0
5410.0,26877.0
5417.0,6802.0
5419.0,51587.0
5435.0,152601.0
5437.0,23744.0
5445.0,296101.0
5447.0,255205.0
5448.0,352533.0
5455.0,58737.0
5456.0,1115089.0
5468.0,152936.0
5494.0,5471.0
5501.0,159235.0
5521.0,25011.0
5524.0,347123.0
5525.0,46287.0
5527.0,2256958.0
5528.0,1258456.0
5538.0,1997.0
5539.0,25044.0
5540.0,46291.0
5555.0,2141750.0
5567.0,67731.0
5574.0,392828.0
5606.0,1124477.0
5607.0,425980.0
5618.0,47488.0
5623.0,1170207.0
5628.0,911661.0
5630.0,3087.0
5689.0,17753.0
5714.0,56208.0
5715.0,39254.0
5716.0,9698.0
5727.0,129307.0
5738.0,47723.0
5748.0,110632.0
5776.0,60223.0
5777.0,402.0
5784.0,44403.0
5785.0,80562.0
5792.0,2510.0
5795.0,8569.0
5796.0,369518.0
5798.0,14799.0
5800.0,88527.0
5801.0,110748.0
5810.0,40815.0
5813.0,26343.0
5816.0,98965.0
5841.0,3614.0
5846.0,50107.0
5854.0,19550.0
5866.0,144003.0
5868.0,331770.0
5869.0,22671.0
5884.0,62620.0
5890.0,779.0
5907.0,222452.0
5913.0,71078.0
5914.0,1224734.0
5918.0,63731.0
5919.0,31694.0
5941.0,689.0
5942.0,27164.0
5946.0,335200.0
5947.0,70507.0
5953.0,61753.0
5956.0,55713.0
5965.0,1389479.0
5978.0,12366.0
5985.0,2772.0
5998.0,10718.0
6002.0,5198.0
6013.0,6162.0
6016.0,8381.0
6017.0,38880.0
6023.0,48168.0
6026.0,155949.0
6038.0,50629.0
6045.0,209904.0
6066.0,142075.0
6080.0,219413.0
6081.0,118359.0
6089.0,541858.0
6106.0,155378.0
6125.0,7010.0
6128.0,80511.0
6131.0,192019.0
6136.0,4919.0
6140.0,34043.0
6144.0,1147064.0
6153.0,4895.0
6161.0,528330.0
6165.0,81789.0
6170.0,437528.0
6172.0,826887.0
6196.0,320488.0
6201.0,53575.0
6210.0,4503.0
6228.0,297791.0
6251.0,1046547.0
6252.0,1306552.0
6258.0,137929.0
6310.0,10840.0
6312.0,149656.0
6326.0,26381.0
6327.0,117873.0
6350.0,53577.0
6361.0,199562.0
6379.0,7806.0
6394.0,6292.0
6397.0,83629.0
6436.0,303853.0
6514.0,63751.0
6516.0,454957.0
6536.0,135882.0
6558.0,532495.0
6559.0,18978.0
6562.0,6928.0
6571.0,118791.0
6573.0,1452.0
6616.0,3230.0
6624.0,34526.0
6632.0,2905.0
6638.0,23467.0
6646.0,1521670.0
6656.0,911851.0
6657.0,1256578.0
6662.0,550215.0
6667.0,368.0
6675.0,495335.0
6683.0,116864.0
6687.0,274850.0
6707.0,71404.0
6714.0,28657.0
6718.0,201385.0
6723.0,51132.0
6726.0,351530.0
6735.0,2982.0
6742.0,12966.0
6748.0,27850.0
6755.0,82210.0
6774.0,276974.0
6781.0,49067.0
6789.0,132169.0
6790.0,26595.0
6791.0,18774.0
6793.0,17843.0
6805.0,49547.0
6837.0,12518.0
6857.0,7772.0
6863.0,75958.0
6864.0,12093.0
6878.0,183471.0
6880.0,390880.0
6881.0,110540.0
6893.0,67523.0
6904.0,331900.0
6925.0,243267.0
6934.0,37837.0
6949.0,8515.0
6952.0,2890235.0
6974.0,36157.0
6976.0,43376.0
6979.0,301076.0
6987.0,158770.0
7033.0,2477713.0
7045.0,80689.0
7060.0,4846.0
7085.0,41302.0
7090.0,217712.0
7096.0,354679.0
7108.0,193831.0
7111.0,32469.0
7139.0,673.0
7170.0,295755.0
7226.0,761791.0
7235.0,1617950.0
7239.0,7205.0
7247.0,21135.0
7249.0,146851.0
7258.0,149494.0
7263.0,35243.0
7271.0,1431.0
7280.0,43502.0
7281.0,145596.0
7284.0,12831.0
7297.0,3812.0
7313.0,40514.0
7319.0,111445.0
7322.0,1010.0
7326.0,109633.0
7335.0,37976.0
7336.0,542691.0
7339.0,588803.0
7349.0,79460.0
7362.0,500169.0
7364.0,40282.0
7381.0,46041.0
7385.0,1343687.0
7388.0,26187.0
7396.0,1245738.0
7397.0,149495.0
7399.0,237930.0
7419.0,9353.0
7431.0,12725.0
7432.0,4056.0
7451.0,3553855.0
7452.0,26958.0
7456.0,1357961.0
7467.0,108439.0
7468.0,687443.0
7472.0,13659.0
7479.0,2666.0
7480.0,2500547.0
7492.0,235766.0
7511.0,44183.0
7517.0,34147.0
7524.0,39936.0
7528.0,6495.0
7542.0,30211.0
7549.0,3101595.0
7552.0,436170.0
7562.0,536628.0
7563.0,15309.0
7606.0,13336.0
7615.0,3280119.0
7638.0,719445.0
7640.0,924.0
7641.0,45314.0
7650.0,12889.0
7654.0,17477.0
7655.0,61222.0
7661.0,4084.0
7673.0,26229.0
7686.0,618537.0
7702.0,3292.0
7705.0,79249.0
7716.0,1274937.0
7727.0,4116.0
7736.0,201112.0
7739.0,7581.0
7741.0,3581.0
7754.0,3407461.0
7761.0,615710.0
7763.0,108506.0
7765.0,72988.0
7767.0,548987.0
7773.0,621958.0
7774.0,157150.0
7780.0,615060.0
7783.0,668048.0
7789.0,81971.0
7790.0,12256.0
7798.0,1474499.0
7799.0,2711162.0
7835.0,27234.0
7844.0,45265.0
7847.0,1155.0
7850.0,98123.0
7857.0,78229.0
7868.0,53278.0
7884.0,17937.0
7886.0,5925.0
7896.0,110301.0
7903.0,668282.0
7907.0,170607.0
7930.0,1259051.0
7932.0,8642.0
7937.0,43317.0
7938.0,57655.0
7953.0,122373.0
7956.0,113093.0
7958.0,54416.0
7977.0,58326.0
7995.0,269536.0
8009.0,140951.0
8013.0,3394.0
8024.0,148895.0
8025.0,121939.0
8060.0,960885.0
8091.0,322143.0
8092.0,44621.0
8102.0,1379159.0
8122.0,64719.0
8128.0,4997.0
8133.0,1830250.0
8149.0,24054.0
8161.0,6754.0
8182.0,1420309.0
8191.0,70631.0
8193.0,1093360.0
8224.0,2308.0
8226.0,92090.0
8231.0,5357.0
8266.0,1296251.0
8276.0,351137.0
8289.0,142572.0
8301.0,12648.0
8302.0,24534.0
8314.0,5064.0
8315.0,170129.0
8326.0,11640.0
8338.0,121236.0
8378.0,1541055.0
8434.0,380382.0
8456.0,185651.0
8467.0,16023.0
8498.0,2143.0
8510.0,2413.0
8514.0,4273.0
8521.0,302789.0
8529.0,50465.0
8531.0,1058487.0
8588.0,3890.0
8590.0,1253.0
8592.0,522515.0
8597.0,72702.0
8598.0,187290.0
8615.0,14540.0
8642.0,21179.0
8654.0,1031321.0
8655.0,157200.0
8694.0,950.0
8697.0,4578.0
8698.0,842567.0
8702.0,12174.0
8708.0,6980.0
8710.0,24340.0
8713.0,46568.0
8769.0,84471.0
8771.0,608039.0
8811.0,49075.0
8838.0,17105.0
8840.0,526942.0
8855.0,112718.0
8878.0,117361.0
8909.0,150570.0
8925.0,4676.0
8933.0,3639.0
8940.0,297626.0
8958.0,320085.0
8959.0,176855.0
8964.0,141938.0
8970.0,370837.0
8979.0,113445.0
8983.0,5049.0
8986.0,6248.0
9022.0,87182.0
9025.0,1219307.0
9033.0,11654.0
9043.0,1791709.0
9062.0,268963.0
9070.0,15343.0
9095.0,4329.0
9129.0,27647.0
9131.0,61723.0
9171.0,113316.0
9175.0,7077.0
9177.0,167388.0
9182.0,259139.0
9184.0,8777.0
9186.0,142865.0
9190.0,25709.0
9194.0,95094.0
9210.0,29522.0
9211.0,334723.0
9212.0,5194.0
9222.0,1204343.0
9227.0,136117.0
9231.0,45806.0
9232.0,3846.0
9241.0,66829.0
9250.0,103936.0
9262.0,55487.0
9282.0,65485.0
9284.0,57666.0
9299.0,9951.0
9301.0,244613.0
9304.0,5776.0
9315.0,246361.0
9317.0,1382947.0
9339.0,24851.0
9341.0,10652.0
9345.0,291412.0
9353.0,453205.0
9354.0,83080.0
9369.0,5500.0
9372.0,2505.0
9375.0,29330.0
9380.0,63250.0
9391.0,1106904.0
9392.0,201004.0
9400.0,503001.0
9407.0,4847.0
9433.0,2365.0
9461.0,726375.0
9509.0,3208578.0
9517.0,481526.0
9540.0,202526.0
9547.0,4414.0
9583.0,40413.0
9584.0,379372.0
9598.0,2570.0
9600.0,203581.0
9612.0,369034.0
9618.0,997302.0
9624.0,79962.0
9627.0,5246.0
9634.0,25252.0
9638.0,307708.0
9654.0,385322.0
9663.0,5137.0
9669.0,31168.0
9682.0,43560.0
9693.0,43341.0
9709.0,407714.0
9716.0,75490.0
9761.0,1144.0
9782.0,277377.0
9784.0,4987.0
9788.0,15164.0
9791.0,7694.0
9793.0,149450.0
9794.0,80207.0
9796.0,317807.0
9805.0,405819.0
9806.0,2965842.0
9823.0,64429.0
9827.0,61954.0
9828.0,149862.0
9836.0,41581.0
9853.0,2100.0
9855.0,25545.0
9891.0,105074.0
9894.0,18083.0
9908.0,46611.0
9921.0,93682.0
9922.0,27542.0
9924.0,306811.0
9926.0,11796.0
9938.0,48754.0
9941.0,21537.0
9944.0,446438.0
9945.0,25986.0
9952.0,8072.0
9966.0,3046.0
9975.0,63468.0
9980.0,39680.0
9989.0,17215.0
9996.0,614831.0
10011.0,3275.0
10018.0,79142.0
10019.0,1492578.0
10023.0,1041058.0
10024.0,200815.0
10028.0,46752.0
10041.0,12742.0
10050.0,3766.0
10053.0,269158.0
10057.0,31911.0
10061.0,78111.0
10066.0,127640.0
10073.0,42235.0
10075.0,20663.0
10091.0,334979.0
10096.0,942.0
10127.0,369176.0
10129.0,10342.0
10150.0,164049.0
10180.0,119579.0
10200.0,1627997.0
10239.0,303547.0
10259.0,230568.0
10271.0,334181.0
10281.0,61319.0
10292.0,1731052.0
10293.0,911357.0
10294.0,1092679.0
10298.0,1598.0
10306.0,25723.0
10341.0,57053.0
10359.0,689788.0
10368.0,38320.0
10372.0,27102.0
10378.0,115539.0
10454.0,333177.0
10455.0,3048.0
10456.0,6895.0
10463.0,81808.0
10469.0,1398.0
10503.0,908874.0
10504.0,212937.0
10514.0,103323.0
10519.0,33987.0
10530.0,190371.0
10534.0,389764.0
10545.0,294153.0
10560.0,1190106.0
10561.0,21237.0
10569.0,41284.0
10598.0,18085.0
10601.0,790.0
10607.0,1565330.0
10614.0,2189606.0
10616.0,34207.0
10626.0,4014.0
10627.0,19337.0
10636.0,1561575.0
10639.0,835.0
10648.0,70095.0
10651.0,1107.0
10666.0,527960.0
10682.0,1616024.0
10685.0,397573.0
10692.0,105528.0
10717.0,93793.0
10756.0,2082.0
10763.0,6184.0
10765.0,3505.0
10776.0,11193.0
10790.0,7930.0
10794.0,456.0
10799.0,596283.0
10800.0,28223.0
10803.0,1067054.0
10804.0,11248.0
10817.0,14571.0
10824.0,282240.0
10830.0,346674.0
10831.0,15572.0
10832.0,5095.0
10848.0,28927.0
10877.0,395613.0
10882.0,95652.0
10911.0,7916.0
10915.0,469886.0
10920.0,30907.0
10926.0,389.0
10927.0,1745841.0
10932.0,190759.0
10953.0,4755.0
10964.0,370916.0
10975.0,17778.0
10978.0,198952.0
10988.0,129800.0
11027.0,93863.0
11032.0,2093.0
11037.0,22660.0
11063.0,4829062.0
11076.0,49435.0
11084.0,1395476.0
11087.0,45934.0
11121.0,8263.0
11125.0,212699.0
11160.0,18221.0
11162.0,230167.0
11166.0,33647.0
11171.0,1472169.0
11172.0,168853.0
11187.0,2353.0
11189.0,958132.0
11230.0,136126.0
11250.0,14763.0
11262.0,3755.0
11263.0,149850.0
11285.0,287206.0
11301.0,1763.0
11312.0,143915.0
11319.0,16534.0
11330.0,154275.0
11366.0,131360.0
11393.0,156259.0
11404.0,7856.0
11420.0,1022.0
11428.0,20862.0
11432.0,251302.0
11451.0,93410.0
11455.0,39462.0
11457.0,414067.0
11466.0,380686.0
11468.0,5845.0
11475.0,6082.0
11480.0,145057.0
11482.0,155376.0
11487.0,130671.0
11490.0,1041.0
11494.0,499029.0
11504.0,443970.0
11514.0,3871.0
11522.0,2525072.0
11525.0,99522.0
11533.0,2820.0
11535.0,41542.0
11536.0,31093.0
11545.0,436815.0
11560.0,9310.0
11574.0,226772.0
11585.0,97797.0
11595.0,1081.0
11611.0,78599.0
11615.0,121855.0
11630.0,34929.0
11632.0,1204.0
11698.0,429761.0
11728.0,26140.0
11734.0,46841.0
11753.0,442431.0
11756.0,72568.0
11815.0,38733.0
11857.0,759349.0
11869.0,406311.0
11887.0,2744370.0
11895.0,85441.0
11904.0,29133.0
11907.0,20772.0
11911.0,1121448.0
11916.0,10022.0
11917.0,66352.0
11918.0,65184.0
11930.0,1537441.0
11937.0,249623.0
11941.0,503520.0
11959.0,4471.0
11960.0,2098.0
11990.0,23589.0
11997.0,35765.0
12016.0,576744.0
12023.0,501885.0
12041.0,344386.0
12045.0,798614.0
12062.0,1272586.0
12076.0,268812.0
12077.0,97681.0
12079.0,621807.0
12081.0,5689.0
12091.0,42085.0
12096.0,124065.0
12119.0,588913.0
12132.0,694380.0
12136.0,64742.0
12138.0,62342.0
12140.0,9374.0
12148.0,169895.0
12178.0,3657.0
12182.0,19032.0
12186.0,252975.0
12214.0,5085.0
12227.0,141590.0
12255.0,106809.0
12269.0,34225.0
12290.0,49965.0
12297.0,5154.0
12330.0,206897.0
12346.0,1787315.0
12347.0,596456.0
12386.0,11376.0
12390.0,1086266.0
12396.0,5865.0
12416.0,2884.0
12432.0,287817.0
12440.0,389239.0
12457.0,432285.0
12472.0,41175.0
12516.0,508380.0
12527.0,22209.0
12538.0,38113.0
12544.0,91376.0
12551.0,3619.0
12586.0,82429.0
12601.0,64127.0
12613.0,755561.0
12620.0,700587.0
12624.0,2314.0
12663.0,1623025.0
12668.0,25622.0
12682.0,29950.0
12699.0,11842.0
12703.0,1292.0
12716.0,2074.0
12724.0,733939.0
12731.0,747370.0
12786.0,20445.0
12790.0,2672.0
12791.0,917.0
12807.0,5913.0
12823.0,18990.0
12893.0,1161640.0
12975.0,1076557.0
13017.0,207830.0
13035.0,647446.0
13041.0,4652.0
13043.0,158329.0
13059.0,24727.0
13074.0,1471410.0
13087.0,18432.0
13094.0,445538.0
13103.0,26917.0
13111.0,393866.0
13117.0,451686.0
13146.0,106737.0
13150.0,16553.0
13241.0,26822.0
13252.0,4715.0
13270.0,303871.0
13288.0,12060.0
13301.0,10310.0
13322.0,329887.0
13354.0,8515.0
13356.0,213193.0
13372.0,208712.0
13383.0,291760.0
13401.0,1043039.0
13407.0,13055.0
13416.0,18638.0
13441.0,9066.0
13449.0,327386.0
13453.0,153670.0
13461.0,118187.0
13463.0,12287.0
13495.0,71291.0
13508.0,7009.0
13516.0,41206.0
13527.0,162822.0
13546.0,477054.0
13569.0,238214.0
13579.0,219262.0
13580.0,12630.0
13581.0,261761.0
13586.0,11500.0
13590.0,3645.0
13599.0,161516.0
13615.0,2255.0
13689.0,29276.0
13740.0,9325.0
13771.0,161165.0
13805.0,3851.0
13828.0,76710.0
13845.0,12475.0
13863.0,75788.0
13869.0,177148.0
13874.0,35625.0
13879.0,928529.0
13932.0,62741.0
13942.0,7525.0
13965.0,13730.0
13985.0,4091.0
13995.0,77765.0
14025.0,8013.0
14038.0,5811.0
14053.0,210849.0
14059.0,587879.0
14068.0,224453.0
14069.0,81194.0
14071.0,3145.0
14099.0,40684.0
14110.0,234817.0
14136.0,4320123.0
14155.0,128315.0
14161.0,106406.0
14167.0,272820.0
14185.0,46106.0
14200.0,17389.0
14208.0,349261.0
14209.0,4528.0
14223.0,2504.0
14242.0,128868.0
14244.0,132215.0
14290.0,1678212.0
14314.0,34151.0
14316.0,40537.0
14334.0,312769.0
14346.0,1075721.0
14359.0,2491.0
14361.0,58765.0
14382.0,1003988.0
14425.0,3133.0
14433.0,1222348.0
14448.0,2590.0
14456.0,4834.0
14457.0,198330.0
14488.0,78025.0
14509.0,1816302.0
14511.0,86079.0
14513.0,362677.0
14521.0,15550.0
14538.0,39545.0
14568.0,78115.0
14571.0,641453.0
14596.0,32747.0
14606.0,4733.0
14617.0,160057.0
14621.0,14169.0
14626.0,171907.0
14632.0,189095.0
14666.0,852485.0
14671.0,231011.0
14679.0,220804.0
14701.0,367829.0
14702.0,468162.0
14730.0,82480.0
14735.0,89623.0
14757.0,116110.0
14784.0,42462.0
14792.0,683727.0
14801.0,38818.0
14805.0,1621282.0
14821.0,2697.0
14859.0,221048.0
14860.0,5689.0
14887.0,68102.0
15009.0,719438.0
15030.0,71127.0
15033.0,316710.0
15050.0,1152692.0
15061.0,961678.0
15084.0,37384.0
15085.0,119095.0
15086.0,1611598.0
15120.0,181423.0
15136.0,117535.0
15148.0,3928.0
15156.0,10363.0
15160.0,11778.0
15162.0,262066.0
15165.0,279303.0
15167.0,2166.0
15197.0,16427.0
15199.0,156328.0
15210.0,87479.0
15218.0,273787.0
15231.0,1197943.0
15233.0,15616.0
15279.0,549570.0
15286.0,185499.0
15301.0,382523.0
15338.0,52856.0
15370.0,161379.0
15373.0,9215.0
15375.0,26461.0
15381.0,1090.0
15418.0,38793.0
15420.0,20631.0
15469.0,151728.0
15502.0,24934.0
15512.0,105655.0
15528.0,244227.0
15537.0,516922.0
15538.0,459820.0
15542.0,8996.0
15544.0,70669.0
15561.0,3085248.0
15570.0,12261.0
15581.0,10694.0
15584.0,2154.0
15605.0,105059.0
15636.0,245196.0
15661.0,356499.0
15714.0,40609.0
15718.0,1362.0
15723.0,126913.0
15724.0,1043253.0
15772.0,131113.0
15774.0,8407.0
15790.0,540.0
15800.0,7131.0
15834.0,2322149.0
15837.0,9752.0
15860.0,1893.0
15874.0,7542.0
15898.0,8209339.0
15912.0,344104.0
15915.0,245299.0
15939.0,377743.0
15957.0,624481.0
15984.0,3782.0
16055.0,14408.0
16063.0,23778.0
16066.0,147130.0
16123.0,12624.0
16165.0,102430.0
16176.0,19307.0
16178.0,460669.0
16180.0,103507.0
16189.0,2338.0
16190.0,13600.0
16191.0,252365.0
16195.0,19262.0
16201.0,78950.0
16202.0,4172.0
16205.0,36954.0
16222.0,4676.0
16250.0,156782.0
16260.0,72171.0
16261.0,6867.0
16280.0,32630.0
16292.0,12020.0
16305.0,91516.0
16307.0,332484.0
16316.0,104054.0
16338.0,41233.0
16341.0,3575.0
16348.0,37507.0
16350.0,455749.0
16383.0,16351.0
16428.0,360867.0
16430.0,334615.0
16439.0,1825.0
16445.0,5097.0
16447.0,26052.0
16496.0,412615.0
16511.0,190628.0
16529.0,542588.0
16541.0,47411.0
16552.0,14697.0
16557.0,88508.0
16575.0,1572103.0
16610.0,4337.0
16619.0,116757.0
16654.0,25209.0
16656.0,2175.0
16659.0,18557.0
16683.0,2768.0
16691.0,172976.0
16699.0,83475.0
16712.0,557842.0
16720.0,15352.0
16739.0,173118.0
16741.0,1607.0
16753.0,8666.0
16767.0,5092.0
16773.0,51521.0
16808.0,113038.0
16810.0,44017.0
16832.0,124463.0
16835.0,7143.0
16841.0,5975.0
16868.0,19321.0
16887.0,927.0
16893.0,1124.0
16895.0,33063.0
16897.0,104731.0
16904.0,34888.0
16912.0,10149.0
16917.0,1023163.0
16923.0,45232.0
16937.0,3586.0
16939.0,57075.0
16949.0,18773.0
16950.0,650710.0
16951.0,190314.0
16973.0,376651.0
16978.0,417.0
16984.0,24167.0
16990.0,896.0
16993.0,184432.0
16998.0,32757.0
17014.0,1122435.0
17035.0,1798455.0
17052.0,21967.0
17091.0,23324.0
17100.0,556766.0
17181.0,1631.0
17227.0,36463.0
17237.0,1034.0
17249.0,36677.0
17265.0,151235.0
17284.0,1888902.0
17289.0,19939.0
17322.0,1339502.0
17363.0,32364.0
17374.0,18158.0
17377.0,284916.0
17399.0,147362.0
17405.0,17061.0
17407.0,61819.0
17415.0,1509.0
17454.0,10652.0
17457.0,2637568.0
17477.0,710645.0
17486.0,348722.0
17520.0,2257.0
17525.0,51428.0
17537.0,141641.0
17570.0,575444.0
17574.0,1904.0
17580.0,1153228.0
17584.0,1361.0
17590.0,25894.0
17596.0,105146.0
17597.0,11722.0
17610.0,56398.0
17627.0,33315.0
17643.0,65464.0
17660.0,191915.0
17678.0,7663.0
17687.0,370667.0
17702.0,1231.0
17703.0,195360.0
17708.0,2501.0
17735.0,125073.0
17740.0,9661.0
17746.0,37971.0
17749.0,8060048.0
17757.0,49923.0
17760.0,188950.0
17764.0,9308.0
17791.0,75411.0
17809.0,25770.0
17827.0,2793.0
17832.0,64493.0
17848.0,3764.0
17862.0,172506.0
17864.0,232631.0
17865.0,3771.0
17907.0,56036.0
17977.0,14300.0
17989.0,464046.0
17998.0,507861.0
18017.0,215295.0
18033.0,135526.0
18069.0,64534.0
18077.0,12465.0
18082.0,9812.0
18102.0,162591.0
18134.0,33742.0
18142.0,3220.0
18177.0,21803.0
18178.0,1329597.0
18201.0,380691.0
18247.0,5851.0
18277.0,41550.0
18310.0,59093.0
18325.0,13016.0
18359.0,645903.0
18422.0,3474.0
18429.0,329148.0
18437.0,112927.0
18441.0,3313.0
18478.0,25797.0
18484.0,3756.0
18487.0,623923.0
18490.0,2169.0
18531.0,21929.0
18586.0,30874.0
18607.0,661977.0
18635.0,1198.0
18639.0,20346.0
18663.0,4370.0
18689.0,39734.0
18693.0,2774.0
18715.0,1592681.0
18720.0,7672.0
18730.0,47474.0
18732.0,496611.0
18748.0,563505.0
18754.0,449027.0
18758.0,21175.0
18774.0,257456.0
18789.0,2314.0
18791.0,404254.0
18820.0,121887.0
18837.0,30963.0
18847.0,1664.0
18856.0,596818.0
18862.0,262695.0
18873.0,49288.0
18887.0,11433.0
18904.0,1577314.0
18937.0,323419.0
18964.0,8083.0
19011.0,847.0
19016.0,18655.0
19041.0,105191.0
19077.0,269887.0
19085.0,1823456.0
19089.0,339.0
19130.0,6238.0
19152.0,3517.0
19155.0,58583.0
19180.0,430.0
19187.0,182781.0
19205.0,5049.0
19215.0,42768.0
19246.0,41168.0
19247.0,39010.0
19271.0,273385.0
19290.0,373.0
19353.0,31374.0
19424.0,24323.0
19429.0,4113.0
19461.0,3850.0
19471.0,11851.0
19496.0,7445.0
19578.0,7238.0
19580.0,2104.0
19584.0,568.0
19586.0,28808.0
19589.0,18199.0
19667.0,82688.0
19668.0,22780.0
19670.0,6061.0
19696.0,89031.0
19708.0,362785.0
19716.0,40706.0
19745.0,77949.0
19755.0,8777.0
19759.0,10181.0
19760.0,279869.0
19764.0,31933.0
19766.0,30265.0
19777.0,55479.0
19793.0,302825.0
19794.0,1899.0
19795.0,22096.0
19802.0,10625.0
19804.0,37763.0
19806.0,62207.0
19814.0,485.0
19865.0,26402.0
19877.0,292992.0
19888.0,7948.0
19898.0,178776.0
19926.0,5135.0
19928.0,897406.0
19966.0,135455.0
19967.0,62811.0
19968.0,115442.0
19969.0,1305603.0
19993.0,578054.0
19997.0,1572.0
20008.0,478576.0
20011.0,9644.0
20013.0,2049.0
20016.0,2573.0
20059.0,117901.0
20062.0,614400.0
20067.0,44219.0
20075.0,1959.0
20089.0,56441.0
20121.0,771533.0
20128.0,30622.0
20142.0,901169.0
20156.0,3423.0
20177.0,472567.0
20178.0,7775.0
20183.0,307143.0
20223.0,486710.0
20240.0,28727.0
20245.0,28767.0
20248.0,2789276.0
20253.0,56254.0
20258.0,2803.0
20286.0,35967.0
20295.0,3696.0
20346.0,437163.0
20368.0,18872.0
20387.0,123425.0
20411.0,242034.0
20495.0,2552283.0
20500.0,1460554.0
20514.0,470685.0
20525.0,184520.0
20532.0,41869.0
20552.0,233183.0
20588.0,111406.0
20590.0,73966.0
20596.0,5582.0
20647.0,26795.0
20696.0,4661.0
20698.0,4466.0
20703.0,93413.0
20836.0,762.0
20883.0,48567.0
20971.0,6897.0
20973.0,69842.0
20976.0,499841.0
20987.0,49549.0
21022.0,486080.0
21044.0,307394.0
21048.0,219221.0
21056.0,1562.0
21100.0,9008.0
21139.0,11574.0
21154.0,458419.0
21189.0,19798.0
21220.0,22131.0
21227.0,3997.0
21232.0,531416.0
21266.0,69148.0
21273.0,7103.0
21294.0,1193.0
21316.0,6779.0
21324.0,14859.0
21330.0,47122.0
21349.0,47812.0
21362.0,8630.0
21430.0,304128.0
21432.0,2995.0
21434.0,274495.0
21443.0,87506.0
21446.0,37429.0
21454.0,42665.0
21467.0,45811.0
21481.0,18599.0
21488.0,4695.0
21518.0,9189.0
21519.0,216957.0
21641.0,22129.0
21658.0,3035.0
21670.0,34196.0
21681.0,2243.0
21708.0,21244.0
21733.0,125964.0
21755.0,12463.0
21756.0,3894.0
21760.0,33428.0
21768.0,82108.0
21821.0,4392.0
21839.0,140222.0
21848.0,30767.0
21851.0,6288.0
21862.0,830.0
21923.0,2328586.0
21926.0,64981.0
22006.0,38443.0
22017.0,2489.0
22036.0,1149442.0
22039.0,10326.0
22098.0,110211.0
22114.0,123279.0
22115.0,1158721.0
22125.0,121592.0
22172.0,13591.0
22184.0,4682.0
22198.0,1306154.0
22209.0,70966.0
22217.0,90533.0
22230.0,9575.0
22260.0,194852.0
22266.0,947730.0
22290.0,98209.0
22305.0,2493.0
22307.0,599047.0
22325.0,97327.0
22345.0,822885.0
22353.0,1351.0
22354.0,474318.0
22358.0,119096.0
22369.0,627863.0
22380.0,30510.0
22409.0,49420.0
22423.0,2233096.0
22428.0,202906.0
22439.0,49896.0
22455.0,35547.0
22461.0,478393.0
22474.0,38696.0
22480.0,33751.0
22499.0,8781.0
22532.0,175278.0
22587.0,34037.0
22650.0,530604.0
22677.0,147148.0
22711.0,16099.0
22726.0,193440.0
22744.0,278306.0
22749.0,112948.0
22776.0,11643.0
22792.0,204705.0
22851.0,45085.0
22879.0,480437.0
22901.0,15792.0
22904.0,6391.0
22916.0,2265.0
22917.0,52278.0
22934.0,21058.0
22980.0,2927.0
23005.0,11364.0
23055.0,75439.0
23063.0,116611.0
23084.0,39436.0
23092.0,12357.0
23093.0,1652627.0
23109.0,15611.0
23113.0,889.0
23142.0,228498.0
23159.0,2830.0
23188.0,110987.0
23219.0,317825.0
23222.0,13239.0
23231.0,15756.0
23263.0,235277.0
23271.0,2523.0
23274.0,142028.0
23322.0,10642.0
23345.0,10012.0
23357.0,232182.0
23364.0,27645.0
23398.0,2260.0
23399.0,258795.0
23434.0,31935.0
23445.0,64365.0
23446.0,57716.0
23449.0,23717.0
23454.0,11625.0
23455.0,149165.0
23459.0,25787.0
23460.0,4024.0
23523.0,1084569.0
23524.0,564971.0
23534.0,2461.0
23535.0,5087.0
23547.0,459500.0
23548.0,2708.0
23552.0,129317.0
23558.0,200357.0
23559.0,13681.0
23587.0,179653.0
23588.0,46446.0
23591.0,7778.0
23596.0,7482.0
23603.0,315668.0
23604.0,1617.0
23607.0,30913.0
23611.0,53242.0
23616.0,60485.0
23619.0,24157.0
23625.0,3272.0
23631.0,30568.0
23638.0,14781.0
23656.0,60999.0
23658.0,10503.0
23659.0,1400.0
23660.0,21637.0
23670.0,109454.0
23671.0,234169.0
23679.0,283294.0
23695.0,309375.0
23701.0,16155.0
23725.0,37332.0
23757.0,86766.0
23777.0,202435.0
23780.0,314241.0
23784.0,47966.0
23788.0,8094.0
23789.0,37323.0
23790.0,14123.0
23792.0,44269.0
23796.0,13727.0
23797.0,52807.0
23799.0,632138.0
23802.0,19653.0
23819.0,11902.0
23831.0,39108.0
23842.0,1845092.0
23855.0,69789.0
23860.0,826375.0
23875.0,6059.0
23900.0,193960.0
23905.0,1535.0
23912.0,7518.0
23914.0,19732.0
23956.0,20876.0
23962.0,38758.0
23971.0,92017.0
23975.0,121651.0
24000.0,13448.0
24007.0,22529.0
24009.0,403215.0
24018.0,15035.0
24071.0,1639.0
24088.0,132594.0
24114.0,1893.0
24130.0,390764.0
24152.0,765.0
24154.0,16441.0
24189.0,16156.0
24209.0,214394.0
24217.0,878770.0
24253.0,9937.0
24297.0,238550.0
24298.0,49749.0
24326.0,1715096.0
24330.0,282915.0
24337.0,33928.0
24341.0,275380.0
24358.0,236751.0
24363.0,6656.0
24372.0,2293.0
24377.0,38909.0
24379.0,16105.0
24381.0,87722.0
24399.0,72113.0
24400.0,5858.0
24434.0,72396.0
24435.0,224704.0
24478.0,1206623.0
24540.0,29300.0
24550.0,540784.0
24555.0,62198.0
24571.0,330105.0
24584.0,2176006.0
24611.0,51998.0
24655.0,54967.0
24688.0,388.0
24705.0,59421.0
24715.0,792763.0
24719.0,6734.0
24728.0,1934239.0
24747.0,13895.0
24781.0,126024.0
24791.0,20930.0
24794.0,174293.0
24823.0,17115.0
24830.0,87534.0
24857.0,19798.0
24860.0,47724.0
24865.0,38417.0
24872.0,249465.0
24878.0,3338.0
24887.0,23166.0
24927.0,2723.0
24933.0,717794.0
24941.0,4978.0
24944.0,53562.0
24949.0,113915.0
24963.0,20178.0
24977.0,161591.0
24988.0,10097.0
24997.0,26761.0
25006.0,1857.0
25014.0,11345.0
25021.0,1171742.0
25023.0,110268.0
25029.0,8210.0
25030.0,2640.0
25034.0,22842.0
25041.0,564931.0
25049.0,11644.0
25066.0,1904.0
25092.0,22652.0
25113.0,3986.0
25147.0,19263.0
25158.0,48458.0
25183.0,79505.0
25224.0,74762.0
25240.0,87905.0
25266.0,47822.0
25337.0,8310.0
25347.0,162671.0
25357.0,12650.0
25375.0,68693.0
25388.0,4089.0
25396.0,60746.0
25407.0,2767.0
25409.0,493349.0
25415.0,6632.0
25439.0,8717.0
25442.0,70370.0
25453.0,166000.0
25468.0,127079.0
25498.0,47381.0
25499.0,1335.0
25504.0,36214.0
25506.0,199767.0
25511.0,19116.0
25520.0,16615.0
25539.0,5275.0
25555.0,117188.0
25567.0,3107.0
25575.0,583897.0
25576.0,12954.0
25588.0,341902.0
25590.0,4105.0
25592.0,1635538.0
25603.0,3554.0
25610.0,200427.0
25618.0,261407.0
25630.0,79754.0
25639.0,83495.0
25644.0,439.0
25651.0,32466086.0
25654.0,398142.0
25658.0,106175.0
25683.0,1048.0
25689.0,934302.0
25712.0,335817.0
25719.0,5885.0
25727.0,1984.0
25734.0,8215.0
25739.0,71262.0
25777.0,172770.0
25784.0,617418.0
25798.0,266199.0
25799.0,114452.0
25801.0,350929.0
25804.0,25252.0
25817.0,158034.0
25831.0,3155.0
25837.0,94264.0
25849.0,259693.0
25902.0,129018.0
25916.0,102784.0
25917.0,965603.0
25920.0,295131.0
25951.0,157632.0
25954.0,668842.0
25971.0,96394.0
25973.0,32982.0
25981.0,8242.0
25983.0,5060.0
25986.0,839829.0
25989.0,1511993.0
25993.0,3090.0
25999.0,86264.0
26000.0,3433.0
26007.0,113800.0
26010.0,145365.0
26011.0,34258.0
26014.0,158587.0
26052.0,32601.0
26072.0,9622.0
26075.0,282184.0
26088.0,297989.0
26104.0,33439.0
26107.0,61557.0
26116.0,475.0
26130.0,56351.0
26131.0,303411.0
26144.0,284694.0
26154.0,14753.0
26188.0,8162.0
26189.0,1047314.0
26196.0,23069.0
26205.0,25995.0
26223.0,60504610.0
26226.0,449831.0
26230.0,83143.0
26233.0,231170.0
26234.0,2308.0
26237.0,151193.0
26251.0,276130.0
26268.0,46968.0
26273.0,336466.0
26274.0,1845370.0
26278.0,239837.0
26284.0,5888.0
26300.0,346648.0
26319.0,952342.0
26325.0,76780.0
26332.0,1382627.0
26343.0,2129893.0
26365.0,8617.0
26369.0,16693.0
26442.0,45184.0
26455.0,29355.0
26458.0,64003.0
26465.0,253498.0
26467.0,733423.0
26475.0,4611.0
26481.0,12129.0
26502.0,961275.0
26506.0,933728.0
26507.0,1420625.0
26509.0,60245.0
26510.0,267568.0
26511.0,1291663.0
26520.0,1066654.0
26522.0,22281.0
26532.0,227347.0
26534.0,59904.0
26536.0,3173934.0
26543.0,578675.0
26557.0,163955.0
26567.0,18488.0
26588.0,158944.0
26599.0,278795.0
26609.0,251126.0
26619.0,255817.0
26629.0,132927.0
26659.0,22949.0
26661.0,74512.0
26666.0,1016521.0
26669.0,120114.0
26681.0,168318.0
26685.0,9479.0
26707.0,27877.0
26713.0,10265.0
26720.0,75826.0
26750.0,44132.0
26770.0,427090.0
26779.0,127784.0
26782.0,125988.0
26785.0,130099.0
26790.0,112260.0
26798.0,20243.0
26805.0,689696.0
26832.0,171603.0
26854.0,14513.0
26872.0,73344.0
26879.0,1230313.0
26890.0,5738.0
26910.0,1136594.0
26911.0,224967.0
26938.0,74813.0
26972.0,1982.0
26979.0,9147.0
26986.0,698028.0
27001.0,1459.0
27050.0,1793501.0
27051.0,27599.0
27091.0,266532.0
27096.0,11342.0
27122.0,542508.0
27124.0,5141.0
27154.0,187292.0
27155.0,66532.0
27165.0,237817.0
27170.0,32851.0
27172.0,139125.0
27181.0,85855.0
27200.0,7540.0
27214.0,363443.0
27219.0,343036.0
27221.0,11145.0
27229.0,606292.0
27231.0,16698.0
27239.0,454372.0
27265.0,3635.0
27294.0,359267.0
27305.0,1451.0
27312.0,34576.0
27346.0,2499.0
27353.0,999.0
27374.0,296868.0
27381.0,290807.0
27385.0,2521.0
27392.0,142309.0
27416.0,10953.0
27419.0,10010.0
27421.0,3980.0
27422.0,232044.0
27429.0,247121.0
27432.0,7098.0
27433.0,2035.0
27442.0,203465.0
27450.0,62864.0
27464.0,538025.0
27477.0,6545.0
27481.0,910415.0
27484.0,7996.0
27501.0,128415.0
27534.0,593864.0
27538.0,114693.0
27551.0,177423.0
27572.0,20470.0
27577.0,2700.0
27594.0,241340.0
27596.0,18752.0
27602.0,3295.0
27623.0,49584.0
27626.0,72186.0
27637.0,7859.0
27639.0,35653.0
27647.0,159705.0
27667.0,353734.0
27682.0,561160.0
27700.0,258578.0
27711.0,470737.0
27718.0,109523.0
27719.0,6288.0
27736.0,567164.0
27738.0,18615.0
27741.0,310113.0
27747.0,962384.0
27748.0,146539.0
27756.0,12968.0
27765.0,81295.0
27798.0,141487.0
27810.0,168687.0
27823.0,353077.0
27826.0,140777.0
27842.0,32250.0
27857.0,148784.0
27883.0,11464.0
27921.0,87025.0
27923.0,86780.0
27945.0,10251.0
27948.0,2394.0
27953.0,156327.0
27970.0,6518.0
27975.0,294638.0
27978.0,123962.0
28006.0,17599.0
28018.0,5405.0
28025.0,4859.0
28029.0,9141.0
28041.0,117195.0
28045.0,932.0
28049.0,4817.0
28072.0,83646.0
28096.0,36222.0
28100.0,26461.0
28110.0,220791.0
28111.0,6022.0
28126.0,5480.0
28128.0,233623.0
28137.0,6083.0
28148.0,1450.0
28149.0,185456.0
28165.0,231921.0
28169.0,214039.0
28171.0,86214.0
28172.0,22410.0
28173.0,607595.0
28175.0,491854.0
28180.0,237339.0
28181.0,308569.0
28195.0,6592.0
28217.0,99017.0
28235.0,38227.0
28247.0,924.0
28263.0,23030.0
28265.0,3945.0
28284.0,280958.0
28292.0,943.0
28296.0,10023.0
28297.0,17167.0
28300.0,8242.0
28301.0,289069.0
28312.0,19083.0
28326.0,12085.0
28330.0,705533.0
28341.0,44679.0
28345.0,151065.0
28395.0,14986.0
28397.0,181242.0
28403.0,28420.0
28405.0,21138.0
28409.0,7042.0
28414.0,288266.0
28415.0,206857.0
28456.0,192757.0
28476.0,12544.0
28477.0,113503.0
28480.0,1398623.0
28510.0,13250.0
28516.0,119460.0
28518.0,11039.0
28523.0,14869.0
28544.0,95731.0
28551.0,82266.0
28553.0,74146.0
28560.0,2383.0
28562.0,55141.0
28563.0,18287.0
28565.0,1550444.0
28572.0,9364.0
28598.0,1253883.0
28603.0,185757.0
28610.0,1228.0
28623.0,272028.0
28624.0,2410.0
28628.0,11156.0
28629.0,154521.0
28633.0,517415.0
28653.0,6982.0
28659.0,7711.0
28668.0,627376.0
28673.0,3595.0
28675.0,335915.0
28681.0,2360.0
28716.0,13553.0
28735.0,1372.0
28749.0,268388.0
28755.0,40129.0
28779.0,39389.0
28804.0,48427.0
28811.0,96061.0
28817.0,680755.0
28836.0,99849.0
28838.0,145480.0
28858.0,171617.0
28880.0,92737.0
28903.0,591104.0
28910.0,1495950.0
28913.0,1092302.0
28919.0,137398.0
28921.0,47511.0
28930.0,11380.0
28943.0,442.0
28964.0,11194.0
28983.0,4712.0
29038.0,190503.0
29047.0,95718.0
29060.0,72628.0
29068.0,26539.0
29077.0,277730.0
29096.0,22619.0
29105.0,1468.0
29113.0,1821.0
29133.0,32706.0
29150.0,268187.0
29166.0,19977.0
29184.0,10597.0
29186.0,337501.0
29202.0,27181.0
29213.0,624.0
29227.0,1002649.0
29256.0,182747.0
29257.0,31173.0
29258.0,65433.0
29267.0,32884.0
29271.0,214117.0
29279.0,1897.0
29304.0,60298.0
29324.0,921569.0
29341.0,201935.0
29378.0,165731.0
29394.0,7792.0
29409.0,3308.0
29425.0,271438.0
29451.0,192780.0
29454.0,61933.0
29458.0,70860.0
29460.0,13066.0
29464.0,762478.0
29465.0,13358.0
29468.0,23616.0
29496.0,11427.0
29500.0,69234.0
29506.0,12252.0
29533.0,404625.0
29544.0,33471.0
29555.0,47970.0
29557.0,212465.0
29559.0,10994.0
29573.0,59444.0
29600.0,199764.0
29611.0,459839.0
29620.0,5380.0
29624.0,194621.0
29626.0,123248.0
29634.0,418304.0
29635.0,142518.0
29638.0,84385.0
29641.0,24876.0
29657.0,4557.0
29661.0,10529.0
29669.0,35510.0
29676.0,107026.0
29685.0,899.0
29686.0,205181.0
29696.0,54058.0
29711.0,63640.0
29763.0,51441.0
29783.0,5924.0
29812.0,31702.0
29815.0,29083.0
29829.0,7449.0
29852.0,39197.0
29865.0,2009298.0
29874.0,10793.0
29877.0,333785.0
29906.0,5642.0
29918.0,14090.0
29934.0,2419.0
29958.0,58505.0
29959.0,1056.0
29962.0,88346.0
29966.0,1134558.0
29973.0,645424.0
29979.0,64575.0
29991.0,52820.0
30030.0,37216.0
30032.0,33048.0
30040.0,119616.0
30043.0,18365.0
30053.0,8209.0
30057.0,6454.0
30075.0,148912.0
30105.0,5058.0
30111.0,4817.0
30149.0,45075.0
30158.0,259445.0
30169.0,28439.0
30170.0,983.0
30178.0,2157.0
30182.0,121717.0
30221.0,3731.0
30222.0,137910.0
30244.0,50264.0
30246.0,6241.0
30257.0,682493.0
30296.0,26210.0
30299.0,415164.0
30306.0,89891.0
30314.0,460938.0
30324.0,489.0
30341.0,24899.0
30362.0,2715.0
30422.0,4653.0
30427.0,669816.0
30442.0,76988.0
30449.0,1813369.0
30458.0,69063.0
30486.0,146390.0
30505.0,12481.0
30533.0,2172.0
30550.0,2632.0
30554.0,124983.0
30556.0,34414.0
30561.0,95423.0
30574.0,14838.0
30579.0,176083.0
30589.0,80416.0
30594.0,15489.0
30632.0,1977.0
30642.0,2977.0
30687.0,123155.0
30714.0,1727.0
30727.0,14146.0
30752.0,2179.0
30759.0,8134.0
30768.0,23825.0
30780.0,2618.0
30801.0,60078.0
30802.0,365695.0
30813.0,37017.0
30817.0,14515.0
30823.0,3045.0
30828.0,4647.0
30844.0,315056.0
30846.0,27757.0
30854.0,226856.0
30876.0,7988.0
30879.0,590354.0
30916.0,77674.0
30933.0,1142260.0
30934.0,4707.0
30937.0,66191.0
30938.0,6755.0
30943.0,7339.0
30950.0,565922.0
30952.0,45243.0
30970.0,164304.0
30976.0,513.0
30983.0,4923.0
31023.0,6096369.0
31028.0,125566.0
31030.0,212568.0
31045.0,6043.0
31046.0,78508.0
31048.0,486791.0
31050.0,361689.0
31054.0,95919.0
31055.0,85393.0
31061.0,307135.0
31075.0,16734.0
31083.0,1073.0
31084.0,414521.0
31087.0,2678.0
31090.0,394317.0
31092.0,2813.0
31115.0,1057731.0
31118.0,2319339.0
31126.0,285246.0
31132.0,18822.0
31133.0,3514.0
31141.0,268274.0
31184.0,3549.0
31190.0,43507.0
31254.0,40631.0
31267.0,283507.0
31276.0,26311.0
31278.0,1861.0
31285.0,20604.0
31288.0,17571.0
31323.0,3619.0
31324.0,1661.0
31325.0,3651.0
31342.0,56299.0
31353.0,549055.0
31395.0,4442.0
31415.0,141804.0
31434.0,200602.0
31460.0,212310.0
31482.0,105778.0
31491.0,527722.0
31495.0,515116.0
31497.0,316220.0
31523.0,27478.0
31525.0,126695.0
31531.0,31611.0
31591.0,9215.0
31639.0,1405454.0
31642.0,15880.0
31644.0,36872.0
31646.0,31470.0
31667.0,59938.0
31740.0,18145.0
31741.0,8784.0
31752.0,617.0
31763.0,142746.0
31769.0,9182.0
31780.0,5431.0
31781.0,2331.0
31783.0,151053.0
31796.0,28464.0
31814.0,162970.0
31832.0,15019.0
31891.0,980787.0
31948.0,87071.0
31950.0,241446.0
31972.0,522120.0
31984.0,111912.0
31999.0,2080147.0
32046.0,96449.0
32058.0,4143.0
32061.0,27991.0
32069.0,128215.0
32087.0,381025.0
32093.0,12726.0
32109.0,2687630.0
32116.0,2374.0
32118.0,31675.0
32121.0,8335.0
32128.0,64743.0
32129.0,61770.0
32130.0,2256557.0
32140.0,246045.0
32149.0,941442.0
32155.0,3711.0
32180.0,127438.0
32181.0,147153.0
32188.0,134811.0
32195.0,4920.0
32196.0,245.0
32204.0,5906.0
32241.0,2178083.0
32251.0,409760.0
32257.0,2064.0
32263.0,124662.0
32267.0,53786.0
32283.0,28357.0
32304.0,686212.0
32324.0,523676.0
32331.0,28162.0
32332.0,62300.0
32340.0,5258.0
32343.0,23220.0
32359.0,60815.0
32364.0,2223.0
32370.0,1190.0
32384.0,67515.0
32387.0,1348.0
32401.0,15620.0
32407.0,198911.0
32433.0,119525.0
32445.0,465250.0
32452.0,1743.0
32497.0,72954.0
32501.0,1004714.0
32531.0,227929.0
32535.0,37080.0
32539.0,6892.0
32545.0,148.0
32555.0,25188.0
32587.0,3290.0
32611.0,78384.0
32623.0,135079.0
32639.0,121002.0
32666.0,72801.0
32672.0,6015.0
32700.0,3185.0
32710.0,9315.0
32716.0,5632.0
32721.0,4540.0
32740.0,873.0
32759.0,44994.0
32765.0,13562.0
32777.0,13868.0
32809.0,1097866.0
32817.0,79504.0
32820.0,31347.0
32826.0,13452.0
32834.0,12950.0
32836.0,145064.0
32838.0,9637.0
32840.0,322117.0
32843.0,32572.0
32863.0,20011.0
32874.0,370951.0
32887.0,1555.0
32894.0,5208.0
32895.0,25678.0
32902.0,186492.0
32938.0,13447.0
32950.0,97206.0
32997.0,37441.0
33028.0,38211.0
33030.0,17319.0
33041.0,24488.0
33044.0,1427884.0
33045.0,30707.0
33048.0,6231.0
33055.0,144272.0
33058.0,8914.0
33081.0,4071.0
33088.0,1754.0
33111.0,620066.0
33124.0,148417.0
33141.0,2380.0
33164.0,41322.0
33179.0,3726.0
33202.0,9172.0
33217.0,31188.0
33229.0,11550.0
33237.0,5729.0
33241.0,135831.0
33280.0,2382.0
33316.0,515749.0
33318.0,7918.0
33334.0,43178.0
33341.0,115309.0
33349.0,1121880.0
33352.0,205162.0
33390.0,62598.0
33410.0,44232.0
33435.0,32162.0
33446.0,6358.0
33471.0,159090.0
33472.0,110114.0
33473.0,47090.0
33491.0,182845.0
33495.0,67346.0
33511.0,68375.0
33556.0,1229631.0
33559.0,45379.0
33568.0,537317.0
33582.0,301554.0
33587.0,47761.0
33616.0,12725.0
33619.0,214719.0
33620.0,529099.0
33658.0,1996.0
33698.0,212562.0
33715.0,18717.0
33737.0,15910.0
33765.0,2218.0
33769.0,4923.0
33779.0,933896.0
33785.0,593170.0
33813.0,6773.0
33825.0,8580.0
33830.0,38105.0
33837.0,13153.0
33843.0,91594.0
33850.0,29535.0
33852.0,9541.0
33868.0,2371.0
33869.0,48482.0
33890.0,11547.0
33892.0,24772.0
33897.0,42107.0
33901.0,5015.0
33924.0,15418.0
33943.0,52704.0
33975.0,102051.0
33980.0,172302.0
34016.0,4705.0
34019.0,29600.0
34020.0,14977.0
34029.0,20957.0
34042.0,25724.0
34049.0,97929.0
34051.0,280408.0
34061.0,47911.0
34079.0,543098.0
34085.0,34114.0
34103.0,394.0
34113.0,7181.0
34117.0,9144.0
34150.0,11888.0
34152.0,27437.0
34173.0,118794.0
34207.0,2726183.0
34209.0,31266.0
34241.0,617376.0
34258.0,1422.0
34268.0,19001.0
34285.0,2521.0
34307.0,18607.0
34313.0,25270.0
34320.0,668975.0
34357.0,35474.0
34358.0,542165.0
34363.0,7091.0
34365.0,8585.0
34368.0,4514.0
34384.0,2611.0
34390.0,74028.0
34393.0,29964.0
34417.0,7341.0
34449.0,12835.0
34509.0,110540.0
34517.0,2276.0
34520.0,19082.0
34531.0,90368.0
34537.0,384080.0
34542.0,2142.0
34551.0,20147.0
34554.0,10145.0
34577.0,138699.0
34591.0,1373489.0
34623.0,52262.0
34627.0,34292.0
34697.0,15144.0
34719.0,11041.0
34729.0,342363.0
34741.0,125411.0
34747.0,95894.0
34752.0,14513.0
34760.0,12960.0
34787.0,205672.0
34798.0,413650.0
34811.0,163652.0
34815.0,57167.0
34844.0,14518.0
34846.0,64500.0
34848.0,2718.0
34867.0,2173088.0
34877.0,3317.0
34930.0,138281.0
34973.0,154104.0
34982.0,8632.0
34984.0,35567.0
35001.0,18686.0
35048.0,118873.0
35083.0,45044.0
35087.0,11962.0
35093.0,155603.0
35095.0,119218.0
35099.0,65942.0
35121.0,78124.0
35143.0,3235.0
35144.0,80187.0
35154.0,16051.0
35165.0,1129.0
35169.0,108629.0
35174.0,2845.0
35206.0,36466.0
35217.0,2082.0
35221.0,8286.0
35238.0,182753.0
35254.0,1724778.0
35255.0,77454.0
35263.0,2320.0
35277.0,9970.0
35279.0,54515.0
35288.0,17271.0
35297.0,3577.0
35304.0,16283.0
35315.0,154206.0
35317.0,117154.0
35332.0,42293.0
35336.0,46353.0
35339.0,7991.0
35345.0,810124.0
35353.0,12541.0
35359.0,673667.0
35368.0,23819.0
35417.0,16092.0
35418.0,26976.0
35425.0,93142.0
35428.0,3691.0
35445.0,634164.0
35484.0,42667.0
35504.0,69297.0
35509.0,25937.0
35512.0,2353.0
35520.0,63675.0
35530.0,284.0
35542.0,125316.0
35543.0,1744353.0
35545.0,63928.0
35549.0,960527.0
35571.0,82556.0
35584.0,11155.0
35618.0,22846.0
35632.0,91593.0
35647.0,1121.0
35648.0,474269.0
35659.0,8980.0
35669.0,36761.0
35748.0,1454.0
35755.0,332943.0
35760.0,3580.0
35777.0,299417.0
35779.0,988.0
35781.0,440135.0
35801.0,6445.0
35808.0,193095.0
35824.0,82841.0
35832.0,704841.0
35836.0,17742.0
35845.0,893.0
35879.0,521404.0
35880.0,4869.0
35909.0,120529.0
35939.0,10974.0
35957.0,26725.0
35981.0,682698.0
35991.0,9202.0
36002.0,19775.0
36006.0,310313.0
36031.0,2545.0
36051.0,19333.0
36055.0,196003.0
36058.0,20609.0
36077.0,88028.0
36083.0,2273.0
36084.0,5409.0
36096.0,269664.0
36132.0,260404.0
36147.0,337781.0
36158.0,33445.0
36242.0,1008.0
36257.0,1824464.0
36264.0,420032.0
36265.0,470873.0
36269.0,12097.0
36275.0,10859.0
36299.0,2469.0
36309.0,17689.0
36312.0,108091.0
36316.0,54984.0
36318.0,78052.0
36323.0,7061.0
36351.0,408662.0
36380.0,160944.0
36401.0,240991.0
36414.0,15498.0
36420.0,28522.0
36444.0,38237.0
36454.0,3893.0
36456.0,61893.0
36468.0,35538.0
36484.0,10561.0
36492.0,15037.0
36497.0,2999.0
36504.0,1462822.0
36505.0,5653.0
36510.0,9464.0
36543.0,66747.0
36559.0,191351.0
36560.0,867721.0
36568.0,36110.0
36577.0,1463.0
36582.0,39457.0
36592.0,73294.0
36624.0,33419.0
36634.0,2248.0
36637.0,1519.0
36656.0,125365.0
36672.0,1301.0
36696.0,156408.0
36700.0,22871.0
36718.0,384586.0
36728.0,99441.0
36763.0,85786.0
36776.0,5498.0
36787.0,29898.0
36798.0,3670.0
36811.0,263719.0
36814.0,3477.0
36853.0,8233.0
36892.0,24454.0
36898.0,12926.0
36932.0,115749.0
36940.0,23226.0
36959.0,2821.0
36969.0,727607.0
36974.0,23825.0
36980.0,1766.0
36993.0,1785.0
37027.0,317195.0
37050.0,1413240.0
37084.0,18992.0
37088.0,11472.0
37102.0,19318.0
37103.0,142216.0
37123.0,41801.0
37138.0,1563.0
37139.0,25825.0
37155.0,145493.0
37182.0,44238.0
37184.0,665329.0
37185.0,24693.0
37193.0,19794.0
37225.0,17688.0
37232.0,397707.0
37236.0,8369.0
37242.0,25970.0
37247.0,117211.0
37252.0,4231.0
37268.0,404399.0
37277.0,50672.0
37285.0,17177.0
37289.0,8525.0
37311.0,59471.0
37329.0,6226.0
37330.0,296933.0
37336.0,32439.0
37363.0,671.0
37366.0,220777.0
37382.0,3328.0
37383.0,167538.0
37394.0,5805.0
37400.0,83073.0
37407.0,65261.0
37432.0,4573.0
37435.0,909.0
37461.0,2385.0
37465.0,30480.0
37474.0,125784.0
37479.0,111011.0
37480.0,1423.0
37502.0,23972.0
37556.0,54475.0
37561.0,16116.0
37606.0,4517.0
37630.0,294838.0
37631.0,410021.0
37635.0,3143.0
37646.0,143398.0
37716.0,6863.0
37745.0,10004.0
37754.0,16259.0
37791.0,1059853.0
37807.0,20642.0
37832.0,357407.0
37920.0,3997.0
37938.0,6822.0
37954.0,642307.0
37982.0,24468.0
37989.0,557760.0
38011.0,73504.0
38064.0,239852.0
38073.0,194421.0
38129.0,37344.0
38131.0,4142.0
38167.0,253294.0
38194.0,38011.0
38293.0,75782.0
38301.0,202137.0
38304.0,14391.0
38307.0,44295.0
38336.0,37681.0
38337.0,106854.0
38368.0,34256.0
38374.0,27814.0
38386.0,17279.0
38387.0,845.0
38390.0,93743.0
38395.0,84058.0
38398.0,292.0
38405.0,316410.0
38412.0,1335501.0
38415.0,79177.0
38418.0,122564.0
38424.0,292346.0
38429.0,60908.0
38437.0,39847.0
38441.0,14691.0
38484.0,17082.0
38485.0,71514.0
38488.0,2331.0
38489.0,31775.0
38511.0,1727.0
38529.0,6283.0
38536.0,75413.0
38546.0,639662.0
38548.0,204868.0
38589.0,194390.0
38595.0,3412.0
38598.0,12479.0
38627.0,159033.0
38636.0,248939.0
38642.0,100333.0
38647.0,13922.0
38650.0,417908.0
38653.0,319279.0
38657.0,8950.0
38659.0,3684.0
38662.0,5210.0
38685.0,303641.0
38686.0,346.0
38694.0,2997522.0
38702.0,20139.0
38718.0,322908.0
38726.0,2278.0
38737.0,20105.0
38740.0,11347.0
38773.0,258306.0
38776.0,10832.0
38777.0,18939.0
38780.0,8597.0
38803.0,35979.0
38813.0,224959.0
38838.0,31599.0
38864.0,2578.0
38887.0,181014.0
38889.0,1662.0
38891.0,14102.0
38892.0,53694.0
38899.0,93960.0
38915.0,12965.0
38923.0,34331.0
38926.0,1648696.0
38928.0,1077334.0
38933.0,21313.0
38940.0,84263.0
38945.0,420094.0
38958.0,750965.0
38961.0,4226.0
38965.0,218856.0
38966.0,102178.0
38967.0,420001.0
38972.0,18171.0
38979.0,80341.0
38989.0,82455.0
38997.0,42199.0
39010.0,527029.0
39022.0,134020.0
39032.0,44358.0
39036.0,17397.0
39037.0,21208.0
39038.0,18307.0
39065.0,52929.0
39079.0,57373.0
39088.0,272791.0
39091.0,99482.0
39129.0,3912.0
39137.0,3274.0
39147.0,90638.0
39220.0,811623.0
39229.0,85600.0
39260.0,7190.0
39277.0,29707.0
39283.0,121372.0
39292.0,2223.0
39305.0,93586.0
39319.0,608516.0
39325.0,55598.0
39329.0,85815.0
39386.0,127914.0
39423.0,113651.0
39430.0,95910.0
39458.0,10713.0
39467.0,6318.0
39470.0,16054.0
39472.0,33565.0
39489.0,421777.0
39511.0,117523.0
39515.0,286619.0
39527.0,29957.0
39556.0,333002.0
39575.0,54838.0
39597.0,541.0
39616.0,7069.0
39619.0,12424.0
39679.0,2657.0
39702.0,73818.0
39728.0,290900.0
39779.0,2082358.0
39787.0,82117.0
39789.0,2130985.0
39810.0,28461.0
39814.0,133890.0
39818.0,103280.0
39829.0,91397.0
39840.0,47169.0
39843.0,1300.0
39846.0,9530.0
39869.0,70008.0
39887.0,7759.0
39904.0,116425.0
39913.0,31454.0
39937.0,392375.0
39953.0,129581.0
39959.0,258046.0
39991.0,11810.0
39996.0,57580.0
40028.0,498552.0
40037.0,24719.0
40051.0,128115.0
40069.0,323765.0
40118.0,790.0
40130.0,27234.0
40148.0,99536.0
40150.0,250796.0
40156.0,42188.0
40165.0,434698.0
40210.0,65056.0
40244.0,148708.0
40245.0,124490.0
40266.0,4301.0
40283.0,15348.0
40298.0,3395.0
40312.0,8711.0
40325.0,14879.0
40334.0,79444.0
40336.0,37297.0
40365.0,6041.0
40368.0,11099.0
40399.0,4751.0
40411.0,69.0
40419.0,15776.0
40439.0,7501.0
40443.0,644492.0
40447.0,27624.0
40452.0,36580.0
40493.0,38597.0
40499.0,82358.0
40504.0,150848.0
40518.0,11198.0
40526.0,3938.0
40531.0,6366.0
40535.0,10343.0
40548.0,16509.0
40556.0,82779.0
40572.0,60072.0
40601.0,61365.0
40611.0,20025.0
40629.0,35723.0
40636.0,18669.0
40650.0,5147.0
40656.0,3577.0
40666.0,9358.0
40673.0,18682.0
40676.0,22894.0
40681.0,68214.0
40684.0,41467.0
40729.0,30755.0
40768.0,66274.0
40814.0,1933.0
40842.0,967.0
40864.0,58891.0
40885.0,26372.0
40901.0,19188.0
40906.0,6087.0
40907.0,66699.0
40908.0,898231.0
40910.0,48755.0
40911.0,44126.0
40941.0,4555.0
40953.0,17203.0
40955.0,202134.0
40966.0,579.0
40972.0,32117.0
40974.0,226786.0
41020.0,29388.0
41031.0,115393.0
41047.0,7549.0
41070.0,6187.0
41072.0,12182.0
41083.0,112252.0
41085.0,192751.0
41096.0,28152.0
41108.0,8949.0
41114.0,84632.0
41115.0,22569.0
41128.0,179960.0
41129.0,152817.0
41138.0,46845.0
41166.0,470575.0
41183.0,77479.0
41185.0,4418.0
41204.0,5128.0
41208.0,123191.0
41213.0,26448.0
41214.0,46912.0
41225.0,32908.0
41237.0,38532.0
41239.0,46851.0
41241.0,32719.0
41254.0,93126.0
41263.0,3096.0
41283.0,44222.0
41285.0,9529.0
41292.0,349512.0
41306.0,304581.0
41349.0,72857.0
41350.0,363630.0
41385.0,146376.0
41392.0,24414.0
41398.0,49433.0
41440.0,74289.0
41459.0,328210.0
41464.0,67505.0
41472.0,57042.0
41495.0,433083.0
41515.0,47967.0
41546.0,65571.0
41595.0,42421.0
41596.0,1186764.0
41601.0,1237.0
41608.0,72242.0
41629.0,1622.0
41633.0,70620.0
41640.0,250133.0
41645.0,2071.0
41650.0,60105.0
41742.0,2439.0
41797.0,184747.0
41799.0,9162.0
41841.0,22483.0
41848.0,562770.0
41852.0,27660.0
41862.0,43602.0
41868.0,297828.0
41869.0,69469.0
41870.0,228788.0
41889.0,642898.0
41896.0,27367.0
41917.0,6382.0
41924.0,2811864.0
41932.0,18811.0
41941.0,1431708.0
41962.0,849905.0
41970.0,1149952.0
41980.0,201124.0
41995.0,34453.0
42012.0,6420.0
42015.0,2127.0
42040.0,3549.0
42047.0,193066.0
42055.0,16311.0
42060.0,42352.0
42069.0,18046.0
42081.0,5738.0
42095.0,3083.0
42097.0,7594.0
42098.0,3148.0
42101.0,57349.0
42113.0,262029.0
42120.0,6065.0
42122.0,1705.0
42124.0,12330.0
42128.0,110167.0
42134.0,119487.0
42146.0,4845699.0
42191.0,92104.0
42193.0,676867.0
42209.0,28794.0
42213.0,13048.0
42217.0,26560.0
42226.0,118914.0
42227.0,550299.0
42229.0,174022.0
42256.0,53354.0
42259.0,146427.0
42268.0,24249.0
42269.0,9133.0
42297.0,55654.0
42301.0,9440.0
42314.0,16960.0
42323.0,4629.0
42340.0,7879.0
42344.0,13940.0
42359.0,52395.0
42365.0,50736.0
42373.0,339.0
42387.0,321621.0
42390.0,12691.0
42394.0,150940.0
42395.0,78579.0
42403.0,24208.0
42416.0,2014.0
42434.0,156331.0
42461.0,16332.0
42494.0,66294.0
42500.0,19636.0
42565.0,25590.0
42574.0,2122.0
42587.0,15028.0
42591.0,2083.0
42592.0,36008.0
42595.0,140086.0
42600.0,1996.0
42608.0,406813.0
42636.0,120999.0
42637.0,1929454.0
42655.0,44718.0
42665.0,244.0
42727.0,2889.0
42742.0,2971.0
42752.0,571184.0
42759.0,10142.0
42764.0,9673.0
42784.0,14971.0
42793.0,80889.0
42806.0,7631.0
42814.0,10551.0
42823.0,13016.0
42838.0,690783.0
42860.0,395892.0
42877.0,26215.0
42886.0,6715.0
42891.0,32671.0
42900.0,27483.0
42922.0,32832.0
42935.0,40980.0
42946.0,5054.0
42976.0,1973.0
42998.0,60356.0
43000.0,44878.0
43002.0,49608.0
43019.0,5086.0
43075.0,27037.0
43127.0,432.0
43141.0,245373.0
43177.0,151261.0
43188.0,223011.0
43194.0,78461.0
43197.0,4194.0
43216.0,172991.0
43224.0,9316.0
43227.0,1167.0
43252.0,22340.0
43255.0,1981.0
43260.0,41499.0
43277.0,1555.0
43298.0,27805.0
43299.0,2751.0
43302.0,7475.0
43305.0,1212.0
43312.0,118938.0
43323.0,1017953.0
43331.0,58818.0
43332.0,1799.0
43405.0,33406.0
43431.0,760441.0
43446.0,12178.0
43448.0,58443.0
43454.0,44835.0
43455.0,24751.0
43478.0,47991.0
43481.0,1671.0
43491.0,2638.0
43508.0,1083870.0
43512.0,132501.0
43529.0,266.0
43548.0,6449.0
43562.0,16980.0
43564.0,2187.0
43579.0,19989.0
43589.0,116250.0
43602.0,183833.0
43603.0,8389.0
43604.0,17021.0
43620.0,695402.0
43625.0,1740.0
43635.0,2341.0
43659.0,132845.0
43671.0,16488.0
43679.0,35552.0
43710.0,27189.0
43721.0,176170.0
43763.0,82336.0
43793.0,142860.0
43795.0,5492.0
43823.0,3055.0
43838.0,89575.0
43843.0,111422.0
43845.0,51218.0
43850.0,6094.0
43866.0,1518.0
43874.0,4759.0
43883.0,12907.0
43894.0,113108.0
43923.0,72616.0
43931.0,42794.0
43938.0,7279.0
43962.0,765.0
44017.0,19261.0
44047.0,3126.0
44059.0,476011.0
44088.0,80913.0
44107.0,361631.0
44119.0,2258.0
44125.0,5018.0
44128.0,52594.0
44156.0,6202.0
44167.0,232053.0
44216.0,4422.0
44232.0,21730.0
44256.0,5843.0
44264.0,41637.0
44313.0,12299.0
44322.0,76817.0
44328.0,53693.0
44347.0,26379.0
44363.0,4374.0
44371.0,8921.0
44377.0,7044.0
44413.0,8052.0
44415.0,740613.0
44492.0,52032.0
44535.0,12575.0
44540.0,2768.0
44544.0,93184.0
44548.0,231179.0
44556.0,44619.0
44569.0,1878.0
44572.0,4148.0
44584.0,355113.0
44590.0,40299.0
44606.0,281.0
44607.0,74296.0
44615.0,118212.0
44623.0,21491.0
44624.0,58592.0
44650.0,32385.0
44652.0,178001.0
44683.0,28083.0
44704.0,238449.0
44720.0,2201.0
44741.0,472717.0
44802.0,90881.0
44825.0,71177.0
44863.0,433530.0
44871.0,18533.0
44884.0,30560.0
44908.0,98902.0
44911.0,13328.0
44912.0,742060.0
44926.0,33946.0
44928.0,295438.0
44941.0,92050.0
44983.0,12294.0
45028.0,30016.0
45038.0,6463.0
45044.0,39375.0
45088.0,7201.0
45108.0,202155.0
45170.0,103904.0
45180.0,84909.0
45198.0,90368.0
45202.0,10050.0
45213.0,11119.0
45214.0,6494.0
45216.0,8692.0
45233.0,13649.0
45245.0,20653.0
45256.0,79637.0
45277.0,53462.0
45287.0,6102.0
45307.0,903.0
45328.0,29069.0
45354.0,99942.0
45357.0,4213.0
45385.0,8970.0
45389.0,1788.0
45399.0,329865.0
45406.0,37254.0
45408.0,47970.0
45435.0,1963.0
45436.0,48528.0
45451.0,2792.0
45468.0,1071.0
45469.0,223717.0
45477.0,94761.0
45496.0,987739.0
45519.0,19634.0
45521.0,10127.0
45574.0,110949.0
45594.0,3446.0
45612.0,152772.0
45613.0,111377.0
45628.0,6373.0
45667.0,599.0
45685.0,5771.0
45692.0,103535.0
45695.0,5217.0
45700.0,62487.0
45707.0,4748.0
45709.0,2168.0
45718.0,87489.0
45733.0,403884.0
45737.0,14469.0
45739.0,662246.0
45773.0,18199.0
45781.0,130229.0
45793.0,4661.0
45794.0,5070.0
45808.0,15240.0
45825.0,23926.0
45826.0,2444.0
45830.0,210085.0
45838.0,5225.0
45843.0,2176.0
45845.0,50656.0
45850.0,69712.0
45857.0,852850.0
45859.0,65393.0
45916.0,2773.0
45933.0,63580.0
45936.0,149801.0
45943.0,16955.0
45947.0,23495.0
45956.0,9005.0
46018.0,58746.0
46023.0,258779.0
46025.0,464847.0
46026.0,199372.0
46035.0,29887.0
46053.0,19026.0
46062.0,1297.0
46066.0,22805.0
46107.0,99672.0
46171.0,44712.0
46194.0,51401.0
46204.0,56579.0
46218.0,60836.0
46231.0,5648.0
46241.0,1316999.0
46242.0,1496370.0
46244.0,50019.0
46250.0,349825.0
46252.0,134829.0
46278.0,98695.0
46280.0,66584.0
46290.0,186649.0
46294.0,740896.0
46312.0,110679.0
46316.0,47422.0
46319.0,155405.0
46327.0,10374.0
46333.0,3144.0
46342.0,28111.0
46345.0,750657.0
46346.0,3166.0
46350.0,73106.0
46362.0,1824.0
46382.0,303627.0
46388.0,57881.0
46392.0,2031.0
46393.0,600708.0
46401.0,9786.0
46403.0,88515.0
46414.0,2468.0
46440.0,29976.0
46443.0,43379.0
46452.0,4956.0
46457.0,5962.0
46458.0,73582.0
46483.0,26312.0
46485.0,6616.0
46486.0,4360.0
46487.0,22052.0
46490.0,96275.0
46496.0,6377.0
46501.0,22899.0
46504.0,7031.0
46506.0,81407.0
46510.0,71846.0
46546.0,300068.0
46565.0,28254.0
46571.0,128963.0
46572.0,177411.0
46642.0,825.0
46651.0,1461277.0
46679.0,92332.0
46681.0,98147.0
46684.0,18492.0
46709.0,32534.0
46735.0,106116.0
46744.0,809.0
46763.0,1408.0
46767.0,8581.0
46774.0,38279.0
46778.0,9088.0
46780.0,159179.0
46786.0,61548.0
46801.0,29465.0
46824.0,558.0
46828.0,26103.0
46830.0,5359.0
46842.0,1967.0
46849.0,20183.0
46850.0,133231.0
46852.0,16752.0
46853.0,27937.0
46864.0,16725.0
46868.0,38570.0
46875.0,49567.0
46885.0,70857.0
46890.0,34028.0
46892.0,19314.0
46901.0,206253.0
46926.0,262494.0
46928.0,4247.0
46940.0,393.0
46944.0,24833.0
46957.0,729.0
46974.0,99723.0
46976.0,30959.0
47016.0,3106.0
47032.0,988.0
47085.0,113009.0
47093.0,61874.0
47101.0,9689.0
47110.0,120841.0
47131.0,41169.0
47136.0,3500.0
47151.0,5941.0
47189.0,34875.0
47210.0,1396619.0
47211.0,2860.0
47219.0,25581.0
47221.0,8558.0
47229.0,12115.0
47231.0,61822.0
47233.0,4065.0
47247.0,45565.0
47270.0,9809.0
47271.0,249658.0
47275.0,4539.0
47280.0,20608.0
47281.0,10820.0
47283.0,63499.0
47287.0,25755.0
47290.0,184998.0
47294.0,228909.0
47304.0,1317459.0
47313.0,33801.0
47317.0,226602.0
47338.0,117340.0
47366.0,1431.0
47369.0,2196.0
47374.0,337031.0
47376.0,88392.0
47377.0,1565.0
47389.0,13339.0
47447.0,55833.0
47448.0,984738.0
47458.0,8023.0
47460.0,11138.0
47473.0,1598.0
47491.0,6428.0
47523.0,2287.0
47530.0,1887.0
47534.0,62407.0
47537.0,1271.0
47540.0,20723.0
47556.0,12147.0
47560.0,8629.0
47627.0,69728.0
47645.0,33542.0
47652.0,638412.0
47655.0,5385.0
47659.0,93232.0
47686.0,38831.0
47707.0,15156.0
47708.0,1563.0
47711.0,266570.0
47717.0,3381.0
47727.0,3162.0
47730.0,43945.0
47769.0,3647.0
47772.0,5620.0
47774.0,14672.0
47776.0,281759.0
47808.0,33892.0
47812.0,2433.0
47844.0,172835.0
47850.0,26654.0
47854.0,4030.0
47860.0,2330.0
47870.0,147036.0
47877.0,9843.0
47879.0,4890.0
47885.0,104761.0
47892.0,150547.0
47896.0,97053.0
47897.0,781382.0
47916.0,2578.0
47990.0,29102.0
47997.0,1753.0
48005.0,14169.0
48018.0,60872.0
48028.0,143574.0
48029.0,3007.0
48033.0,682111.0
48053.0,143467.0
48059.0,988.0
48062.0,203711.0
48083.0,2702.0
48100.0,159258.0
48102.0,67722.0
48112.0,936621.0
48120.0,70059.0
48131.0,12032.0
48133.0,71346.0
48138.0,106771.0
48143.0,331428.0
48155.0,86790.0
48167.0,158021.0
48179.0,8247.0
48185.0,14377.0
48226.0,209465.0
48245.0,62209.0
48250.0,12609.0
48254.0,35665.0
48257.0,4704.0
48261.0,282.0
48276.0,820437.0
48298.0,3648.0
48303.0,3970.0
48308.0,129462.0
48312.0,97056.0
48332.0,95295.0
48334.0,191241.0
48339.0,16428.0
48348.0,201442.0
48353.0,4040.0
48358.0,21533.0
48363.0,6059.0
48368.0,30070.0
48399.0,31480.0
48447.0,112368.0
48453.0,205741.0
48466.0,67781.0
48486.0,99466.0
48492.0,1689.0
48509.0,421291.0
48538.0,371706.0
48546.0,28424.0
48552.0,14905.0
48571.0,337650.0
48595.0,49255.0
48600.0,194297.0
48619.0,49637.0
48643.0,805206.0
48654.0,79071.0
48659.0,30986.0
48695.0,1002.0
48702.0,31512.0
48714.0,1807.0
48728.0,73941.0
48749.0,789728.0
48784.0,17894.0
48799.0,8704.0
48801.0,354325.0
48853.0,32548.0
48857.0,9996.0
48861.0,2549.0
48888.0,26983.0
48901.0,1501.0
48905.0,31189.0
48906.0,8267.0
48916.0,44859.0
48918.0,69613.0
48978.0,129477.0
48982.0,18850.0
48999.0,7126.0
49041.0,6464.0
49083.0,59162.0
49097.0,1757.0
49120.0,109758.0
49127.0,252830.0
49150.0,5321.0
49157.0,429260.0
49170.0,1544.0
49182.0,3150.0
49187.0,548.0
49258.0,1524781.0
49277.0,8149.0
49284.0,23749.0
49288.0,24817.0
49289.0,26988.0
49312.0,3806.0
49316.0,32785.0
49319.0,54766.0
49332.0,50755.0
49340.0,55576.0
49345.0,1379.0
49346.0,183905.0
49349.0,48184.0
49350.0,23839.0
49352.0,6080.0
49375.0,23944.0
49385.0,8577.0
49387.0,19154.0
49403.0,10150.0
49433.0,16429.0
49436.0,15357.0
49441.0,4844.0
49446.0,3657.0
49448.0,23123.0
49467.0,96200.0
49469.0,8098.0
49488.0,279.0
49494.0,1321123.0
49542.0,86832.0
49547.0,444923.0
49554.0,112254.0
49585.0,88167.0
49611.0,7033.0
49643.0,76284.0
49679.0,4830.0
49686.0,28769.0
49716.0,176049.0
49717.0,4707.0
49738.0,1254.0
49770.0,1678.0
49789.0,36937.0
49790.0,172404.0
49799.0,327383.0
49821.0,75192.0
49829.0,25163.0
49851.0,4703.0
49866.0,1373.0
49871.0,1116.0
49951.0,3884.0
49961.0,12313.0
49979.0,10466.0
49980.0,11498.0
49997.0,176624.0
50015.0,28132.0
50033.0,30223.0
50044.0,15713.0
50054.0,229328.0
50059.0,70899.0
50066.0,189367.0
50070.0,27661.0
50099.0,21138.0
50155.0,405066.0
50158.0,146128.0
50159.0,21277.0
50184.0,68973.0
50203.0,34098.0
50206.0,11437.0
50218.0,30670.0
50221.0,14321.0
50224.0,28582.0
50257.0,30314.0
50280.0,14300.0
50332.0,18008.0
50344.0,171308.0
50362.0,2445.0
50399.0,26424.0
50406.0,25909.0
50415.0,657822.0
50423.0,28854.0
50431.0,66854.0
50438.0,727521.0
50443.0,7025.0
50449.0,3929.0
50472.0,5650.0
50562.0,10743.0
50576.0,4454.0
50594.0,2928.0
50608.0,269767.0
50618.0,303919.0
50625.0,408872.0
50626.0,184776.0
50630.0,277975.0
50642.0,241306.0
50658.0,2277.0
50666.0,6552.0
50678.0,2789.0
50684.0,23863.0
50724.0,8153.0
50725.0,136366.0
50736.0,80447.0
50745.0,490939.0
50753.0,7464.0
50759.0,6765.0
50770.0,264532.0
50771.0,33402.0
50782.0,27648.0
50800.0,74533.0
50810.0,61797.0
50814.0,56869.0
50816.0,260367.0
50819.0,8672.0
50822.0,33011.0
50827.0,629362.0
50835.0,693381.0
50838.0,7813.0
50846.0,31028.0
50893.0,66434.0
50912.0,26763.0
50924.0,130405.0
50925.0,41085.0
50930.0,2704.0
50938.0,25576.0
50939.0,105940.0
50961.0,71776.0
51019.0,5127.0
51037.0,75483.0
51045.0,53225.0
51093.0,66978.0
51124.0,224218.0
51132.0,64751.0
51146.0,43615.0
51148.0,24480.0
51167.0,6075.0
51198.0,18174.0
51231.0,14334.0
51236.0,145460.0
51248.0,514.0
51328.0,70381.0
51335.0,73036.0
51345.0,21682.0
51378.0,39928.0
51420.0,14216.0
51469.0,14281.0
51478.0,408621.0
51529.0,26953.0
51561.0,53723.0
51588.0,169708.0
51598.0,17353.0
51610.0,34536.0
51620.0,534.0
51627.0,17067.0
51631.0,1118255.0
51633.0,199273.0
51667.0,11239.0
51672.0,139509.0
51687.0,401868.0
51693.0,259000.0
51703.0,5912.0
51705.0,199756.0
51741.0,3187.0
51766.0,310936.0
51805.0,1129.0
51829.0,1628.0
51890.0,47529.0
51950.0,33710.0
51954.0,1532.0
51974.0,323001.0
51985.0,105714.0
52075.0,19635.0
52079.0,5628.0
52092.0,4161.0
52095.0,311095.0
52096.0,7760.0
52106.0,22907.0
52107.0,12619.0
52121.0,6479.0
52140.0,34870.0
52148.0,73825.0
52167.0,297788.0
52171.0,47880.0
52175.0,20590.0
52196.0,45658.0
52197.0,1998.0
52259.0,184451.0
52261.0,40788.0
52270.0,36917.0
52297.0,3977.0
52330.0,16819.0
52336.0,30920.0
52344.0,3999.0
52373.0,11340.0
52395.0,26406.0
52402.0,160623.0
52423.0,105352.0
52441.0,5380.0
52445.0,5288.0
52471.0,29676.0
52491.0,9909.0
52498.0,22204.0
52516.0,114392.0
52554.0,1051.0
52586.0,2604.0
52613.0,120826.0
52617.0,30950.0
52618.0,386555.0
52631.0,28425.0
52647.0,44402.0
52657.0,79668.0
52663.0,29861.0
52667.0,12898.0
52676.0,468482.0
52698.0,33277.0
52706.0,25161.0
52721.0,46066.0
52731.0,2858.0
52752.0,262887.0
52759.0,523099.0
52847.0,5807.0
52871.0,38320.0
52878.0,22008.0
52885.0,4927.0
52902.0,3153.0
52904.0,150189.0
52906.0,17653.0
52916.0,345588.0
52919.0,121993.0
52945.0,4567.0
52963.0,31280.0
52980.0,78802.0
52995.0,67563.0
52996.0,11143.0
53003.0,71820.0
53010.0,49338.0
53014.0,9644.0
53035.0,1976.0
53038.0,28241.0
53066.0,22569.0
53084.0,473278.0
53091.0,6403.0
53093.0,11640.0
53096.0,7753.0
53097.0,27358.0
53098.0,23606.0
53115.0,34.0
53123.0,2766.0
53136.0,111132.0
53140.0,538647.0
53145.0,4302.0
53146.0,95580.0
53151.0,19461.0
53155.0,15440.0
53167.0,845782.0
53168.0,19253.0
53182.0,32575.0
53219.0,38976.0
53223.0,1013.0
53239.0,6313.0
53242.0,24747.0
53245.0,40599.0
53249.0,71863.0
53250.0,26457.0
53255.0,63998.0
53262.0,23424.0
53297.0,26094.0
53329.0,54653.0
53339.0,108739.0
53358.0,62436.0
53372.0,51304.0
53377.0,5099.0
53379.0,38087.0
53390.0,67688.0
53398.0,21242.0
53401.0,45742.0
53417.0,38924.0
53439.0,9296.0
53450.0,45445.0
53473.0,50640.0
53476.0,352547.0
53479.0,948.0
53496.0,98747.0
53511.0,32584.0
53541.0,52657.0
53549.0,877860.0
53553.0,62312.0
53555.0,34508.0
53557.0,594.0
53565.0,191289.0
53588.0,35993.0
53615.0,114038.0
53630.0,9867.0
53631.0,175407.0
53635.0,69624.0
53651.0,65339.0
53660.0,320090.0
53696.0,52120.0
53698.0,11518.0
53724.0,20592.0
53781.0,62796.0
53786.0,257515.0
53790.0,118008.0
53797.0,148783.0
53799.0,53356.0
53802.0,115791.0
53811.0,21937.0
53835.0,1661.0
53852.0,3942.0
53853.0,1488.0
53892.0,30954.0
53957.0,58976.0
53972.0,21566.0
54012.0,14336.0
54032.0,253194.0
54057.0,482628.0
54104.0,21711.0
54121.0,3975.0
54130.0,25000.0
54185.0,13153.0
54202.0,2560.0
54203.0,527070.0
54204.0,2243.0
54276.0,218985.0
54278.0,14466.0
54279.0,5793.0
54294.0,46710.0
54305.0,77764.0
54317.0,3242.0
54369.0,1753.0
54377.0,9760.0
54387.0,5435.0
54409.0,729.0
54412.0,1606.0
54490.0,77986.0
54500.0,2949.0
54501.0,34011.0
54513.0,17995.0
54529.0,22470.0
54592.0,4673.0
54628.0,8057.0
54672.0,1924.0
54688.0,57011.0
54719.0,20446.0
54731.0,356929.0
54733.0,2594.0
54743.0,691616.0
54755.0,4926.0
54771.0,40427.0
54808.0,40054.0
54823.0,97318.0
54826.0,5399.0
54829.0,80902.0
54831.0,7905.0
54832.0,187802.0
54848.0,304794.0
54870.0,6797.0
54875.0,20363.0
54883.0,23301.0
54884.0,295763.0
54887.0,288194.0
54889.0,25770.0
54904.0,130662.0
54905.0,194011.0
54909.0,412.0
54913.0,125839.0
54924.0,973.0
54964.0,195885.0
54969.0,3711.0
54978.0,31883.0
54993.0,63562.0
54995.0,77575.0
54996.0,88358.0
55011.0,46445.0
55029.0,5812.0
55086.0,2090.0
55152.0,51228.0
55165.0,21604.0
55166.0,162346.0
55187.0,187717.0
55190.0,42064.0
55198.0,15379.0
55213.0,37665.0
55242.0,134219.0
55266.0,10050.0
55283.0,15882.0
55292.0,96330.0
55304.0,5679.0
55322.0,138623.0
55345.0,17748.0
55367.0,87738.0
55383.0,6102.0
55388.0,68130.0
55399.0,2328.0
55402.0,45918.0
55429.0,196886.0
55446.0,20666.0
55465.0,36955.0
55502.0,419349.0
55545.0,3024.0
55554.0,16115.0
55567.0,118247.0
55568.0,1477.0
55580.0,56293.0
55587.0,136540.0
55700.0,38996.0
55735.0,193169.0
55737.0,516482.0
55746.0,181263.0
55750.0,378771.0
55757.0,395622.0
55765.0,77403.0
55835.0,37936.0
55843.0,245329.0
55844.0,18348.0
55854.0,134213.0
55864.0,646910.0
55888.0,9500.0
55901.0,708.0
55927.0,8111.0
55996.0,161141.0
56010.0,186815.0
56033.0,82911.0
56090.0,613370.0
56092.0,1872.0
56181.0,31186.0
56183.0,534937.0
56186.0,146884.0
56187.0,52473.0
56201.0,1758.0
56232.0,19648.0
56240.0,150874.0
56269.0,128887.0
56277.0,2084676.0
56279.0,18380.0
56289.0,23310.0
56317.0,93364.0
56321.0,15586.0
56339.0,59396.0
56341.0,3208.0
56346.0,5445.0
56352.0,3420.0
56397.0,428247.0
56406.0,65958.0
56407.0,56823.0
56408.0,41945.0
56412.0,9847.0
56428.0,7202.0
56445.0,29770.0
56455.0,88234.0
56551.0,25284.0
56627.0,77877.0
56654.0,27017.0
56675.0,45839.0
56679.0,13398.0
56689.0,27857.0
56696.0,96091.0
56820.0,51566.0
56856.0,126600.0
56903.0,625709.0
56921.0,102740.0
56937.0,428529.0
56955.0,4061.0
57012.0,93964.0
57028.0,27262.0
57041.0,4971.0
57051.0,7586.0
57057.0,10944.0
57061.0,28963.0
57123.0,10160.0
57125.0,25033.0
57148.0,3510.0
57164.0,6014.0
57179.0,29256.0
57219.0,21738.0
57229.0,62751.0
57231.0,2311.0
57267.0,24907.0
57302.0,49536.0
57322.0,59798.0
57329.0,9940.0
57411.0,24790.0
57445.0,257321.0
57498.0,30436.0
57550.0,300322.0
57559.0,10165.0
57580.0,40715.0
57584.0,2364.0
57589.0,3977.0
57597.0,10491.0
57638.0,86707.0
57665.0,25293.0
57680.0,58492.0
57687.0,134830.0
57689.0,57455.0
57697.0,590871.0
57733.0,5333.0
57736.0,3345.0
57749.0,184710.0
57784.0,25179.0
57786.0,25230.0
57794.0,2910.0
57813.0,18961.0
57820.0,22088.0
57833.0,9136.0
57843.0,9050.0
57897.0,20972.0
57899.0,99674.0
57969.0,3322.0
58077.0,2427.0
58082.0,141688.0
58087.0,73533.0
58095.0,292198.0
58103.0,6174.0
58112.0,1160.0
58121.0,27038.0
58153.0,3679.0
58159.0,11316.0
58173.0,269570.0
58196.0,24701.0
58220.0,6956.0
58232.0,404575.0
58235.0,11827.0
58299.0,4822.0
58306.0,24870.0
58314.0,1030.0
58347.0,3424.0
58354.0,31856.0
58424.0,57020.0
58446.0,10384.0
58467.0,69029.0
58499.0,37178.0
58509.0,75384.0
58578.0,2486.0
58579.0,32715.0
58632.0,262733.0
58640.0,21583.0
58643.0,11961.0
58683.0,39306.0
58695.0,172154.0
58713.0,325936.0
58742.0,32812.0
58747.0,13643.0
58770.0,7627.0
58781.0,6666.0
58793.0,39965.0
58795.0,2728.0
58798.0,18826.0
58807.0,5529.0
58890.0,26806.0
58913.0,447389.0
58930.0,14433.0
58942.0,4343.0
58993.0,11691.0
59007.0,298779.0
59032.0,22699.0
59055.0,2515.0
59072.0,3365.0
59075.0,764.0
59078.0,4300.0
59098.0,65215.0
59118.0,4355.0
59132.0,9171.0
59134.0,32329.0
59172.0,160824.0
59173.0,20943.0
59176.0,28653.0
59186.0,1118.0
59192.0,437514.0
59214.0,21924.0
59225.0,6406.0
59231.0,54136.0
59236.0,1610.0
59253.0,1037.0
59258.0,29407.0
59266.0,1935.0
59305.0,2748.0
59309.0,9861.0
59339.0,1001.0
59428.0,2010.0
59438.0,361594.0
59447.0,42238.0
59464.0,278661.0
59480.0,31500.0
59485.0,50557.0
59504.0,55486.0
59505.0,146842.0
59510.0,1351.0
59514.0,172752.0
59516.0,33476.0
59518.0,23609.0
59523.0,36210.0
59587.0,826.0
59601.0,248878.0
59637.0,57704.0
59646.0,10394.0
59659.0,9801.0
59683.0,7201.0
59693.0,98191.0
59707.0,8414.0
59742.0,86320.0
59746.0,3344.0
59757.0,153721.0
59804.0,347535.0
59808.0,7931.0
59820.0,106021.0
59849.0,23120.0
59862.0,42847.0
59874.0,151511.0
59878.0,51376.0
59941.0,3906.0
59990.0,40710.0
59994.0,5398.0
60059.0,5818.0
60086.0,107690.0
60088.0,601.0
60174.0,892.0
60262.0,187644.0
60319.0,77740.0
60320.0,525633.0
60324.0,15218.0
60352.0,53709.0
60414.0,21536.0
60442.0,75559.0
60453.0,4976.0
60496.0,38219.0
60535.0,1881.0
60537.0,38485.0
60672.0,40607.0
60675.0,2685.0
60819.0,28424.0
60837.0,5285.0
60846.0,331162.0
60852.0,55669.0
60855.0,158804.0
60910.0,2357.0
60959.0,17212.0
61037.0,41200.0
61043.0,23761.0
61051.0,40956.0
61061.0,4514.0
61087.0,19223.0
61113.0,18335.0
61135.0,2406.0
61310.0,41130.0
61317.0,4572.0
61320.0,3227.0
61447.0,21850.0
61448.0,246384.0
61449.0,66635.0
61454.0,444856.0
61472.0,91914.0
61491.0,21169.0
61517.0,305332.0
61524.0,4222.0
61566.0,11302.0
61611.0,108676.0
61659.0,11730.0
61711.0,117570.0
61775.0,11987.0
61781.0,35619.0
61817.0,8456.0
61820.0,27612.0
61822.0,144828.0
61824.0,233624.0
61883.0,4212.0
61916.0,23576.0
61956.0,48842.0
61958.0,8203.0
61996.0,10563.0
62027.0,30513.0
62066.0,135245.0
62069.0,89368.0
62070.0,59102.0
62210.0,3908.0
62232.0,135070.0
62260.0,3103.0
62281.0,25416.0
62314.0,28338.0
62344.0,21066.0
62359.0,7750.0
62388.0,3310.0
62465.0,115491.0
62513.0,33444.0
62539.0,21966.0
62551.0,9445.0
62568.0,2986.0
62648.0,15264.0
62683.0,3328.0
62715.0,14795.0
62719.0,14741.0
62727.0,53991.0
62745.0,23234.0
62791.0,2984.0
62824.0,1001.0
62903.0,3664.0
62913.0,85639.0
62957.0,11333.0
62958.0,11362.0
62961.0,4857.0
63080.0,4584.0
63105.0,2309.0
63115.0,23225.0
63191.0,1789.0
63228.0,31512.0
63262.0,85715.0
63275.0,3137.0
63310.0,3400.0
63322.0,140301.0
63331.0,64510.0
63336.0,37567.0
63354.0,2248.0
63358.0,1798.0
63406.0,3284.0
63417.0,2348.0
63490.0,32561.0
63501.0,60450.0
63526.0,78178.0
63530.0,41005.0
63597.0,9977.0
63620.0,35700.0
63627.0,38091.0
63642.0,53750.0
63648.0,55064.0
63697.0,21475.0
63710.0,7701.0
63767.0,236223.0
63781.0,177784.0
63791.0,41000.0
63798.0,135861.0
63878.0,1830.0
63885.0,366954.0
63899.0,9452.0
63902.0,35085.0
63909.0,9100.0
63921.0,6261.0
63932.0,4833.0
63977.0,6586.0
64003.0,14646.0
64078.0,13602.0
64082.0,9298.0
64114.0,162998.0
64122.0,32440.0
64130.0,3873.0
64152.0,84938.0
64196.0,234059.0
64200.0,40591.0
64227.0,9640.0
64254.0,20086.0
64283.0,65315.0
64299.0,7558.0
64315.0,261510.0
64337.0,38477.0
64344.0,87170.0
64373.0,7019.0
64374.0,2686.0
64388.0,14240.0
64472.0,141662.0
64503.0,7137.0
64508.0,5647.0
64514.0,16320.0
64535.0,56156.0
64605.0,1094.0
64635.0,3567.0
64764.0,6859.0
64963.0,2210.0
64984.0,7158.0
64992.0,72390.0
65097.0,7859.0
65156.0,4572.0
65157.0,33001.0
65200.0,4221.0
65257.0,3758.0
65308.0,13028.0
65356.0,7490.0
65413.0,3483.0
65480.0,25733.0
65499.0,51105.0
65569.0,5880.0
65579.0,15198.0
65623.0,4387.0
65651.0,409.0
65753.0,9532.0
65781.0,1184.0
65817.0,1736.0
65850.0,39406.0
65909.0,8696.0
65918.0,9562.0
66092.0,5598.0
66096.0,255.0
66097.0,22085.0
66099.0,17210.0
66101.0,22816.0
66145.0,36066.0
66243.0,8315.0
66260.0,3107.0
66271.0,2639.0
66457.0,22881.0
66459.0,6127.0
